platform,design,events_eligible,events_moved,responsiveness,solo_moves,solo_per_year,years_in_fleet,instances
nangate45,swerv_wrapper,105,39,0.37142857142857144,7,1.6254197545239675,4.306579872994144,92246.95652173914
tsmc65lp,bp_fe_top,26,9,0.34615384615384615,2,1.5346883824080697,1.3031961556011864,27837.391304347828
tsmc65lp,bp_multi_top,28,9,0.32142857142857145,1,0.6157901179282879,1.623929924962608,86337.39130434784
intel22,gcd,29,9,0.3103448275862069,0,0.0,1.6810020724009431,329.5652173913044
intel22,aes,26,8,0.3076923076923077,0,0.0,1.3031961556011864,16540.869565217392
rapidus2hp,hercules_idecode,39,12,0.3076923076923077,1,1.4056215061123796,0.7114290693842371,184812.1739130435
tsmc65lp,coyote,26,8,0.3076923076923077,0,0.0,1.3031961556011864,329529.56521739135
asap7,aes-block,79,24,0.3037974683544304,7,2.3360511362963408,2.9965097472558115,8838.260869565218
gf180,aes-hybrid,78,23,0.2948717948717949,2,0.7449105884700646,2.684885986260045,18006.08695652174
asap7,riscv32i-mock-sram,72,21,0.2916666666666667,0,0.0,2.266356503663143,10077.391304347826
nangate45,bp_multi_top,104,30,0.28846153846153844,4,0.933580074395069,4.284581590488504,86473.91304347827
intel22,ibex,28,8,0.2857142857142857,2,1.248417848273652,1.6020277207392197,15652.17391304348
sky130hd,gcd,105,30,0.2857142857142857,4,0.9294767443196139,4.3034965903617515,478.26086956521743
sky130hs,aes,103,29,0.2815533980582524,3,0.7083027800911051,4.235476810657338,16886.956521739132
sky130hs,jpeg,105,29,0.2761904761904762,1,0.2311545593628298,4.326109780211423,48648.69565217392
asap7,sha3,26,7,0.2692307692307692,1,0.7673441912040349,1.3031961556011864,16988.695652173916
tsmc65lp,swerv_wrapper,26,7,0.2692307692307692,0,0.0,1.3031961556011864,88573.91304347827
gf180,ibex,83,22,0.26506024096385544,2,0.599724596011722,3.334864058103278,13305.217391304348
gf180,aes,91,24,0.26373626373626374,2,0.5379972215683327,3.717491317463939,19293.04347826087
asap7,riscv32i,85,22,0.25882352941176473,7,1.9941357190734794,3.5102926711790503,10148.695652173914
tsmc65lp,aes,31,8,0.25806451612903225,1,0.4788343230147007,2.0884050117879687,14535.652173913044
gf180,riscv32i,82,21,0.25609756097560976,0,0.0,3.2345086445103557,7502.608695652175
nangate45,aes,103,26,0.2524271844660194,0,0.0,4.235476810657338,14585.21739130435
sky130hd,ibex,103,26,0.2524271844660194,1,0.23610092669703506,4.235476810657338,18240.869565217392
ihp-sg13g2,gcd,72,18,0.25,1,0.3800180009287306,2.631454293102137,385.21739130434787
intel16,aes,48,12,0.25,2,0.7177608987777702,2.78644323395949,11291.304347826088
asap7,ethmac,103,25,0.24271844660194175,2,0.4722018533940701,4.235476810657338,59698.26086956522
sky130hd,riscv32i,103,25,0.24271844660194175,1,0.23610092669703506,4.235476810657338,7273.913043478261
gf180,jpeg,83,20,0.24096385542168675,4,1.204321771737851,3.3213714921286788,42406.956521739135
nangate45,gcd,104,25,0.2403846153846154,2,0.4667900371975345,4.284581590488504,711.304347826087
sky130hd,chameleon,105,25,0.23809523809523808,3,0.6966084662245575,4.306579872994144,51709.56521739131
intel16,gcd,47,11,0.23404255319148937,1,0.3716896172622582,2.6904168251071057,434.7826086956522
sky130hd,aes,103,24,0.23300970873786409,1,0.23610092669703506,4.235476810657338,17698.26086956522
gf55,aes,26,6,0.23076923076923078,0,0.0,1.4895207176718128,19768.695652173916
intel22,jpeg,26,6,0.23076923076923078,1,0.7673441912040349,1.3031961556011864,68157.39130434782
rapidus2hp,gcd,39,9,0.23076923076923078,0,0.0,0.7311700509544452,437.3913043478261
rapidus2hp,hercules_is_int,39,9,0.23076923076923078,7,9.573696284280834,0.7311700509544452,463900.00000000006
rapidus2hp,jpeg,39,9,0.23076923076923078,1,1.3631902771741613,0.7335733072223489,93317.39130434784
sky130hd,jpeg,104,24,0.23076923076923078,0,0.0,4.257375877760032,44881.739130434784
tsmc65lp,jpeg,26,6,0.23076923076923078,0,0.0,1.3031961556011864,64414.782608695656
tsmc65lp,swerv,26,6,0.23076923076923078,0,0.0,1.3031961556011864,80286.95652173914
tsmc65lp,bp_be_top,31,7,0.22580645161290322,2,0.9676806273696716,2.066797601845514,43251.30434782609
tsmc65lp,gcd,31,7,0.22580645161290322,0,0.0,1.9473862397647477,549.5652173913044
asap7,ethmac_lvt,80,18,0.225,1,0.3273911606668988,3.0544502116764267,56361.739130434784
sky130hs,gcd,103,23,0.22330097087378642,2,0.4722018533940701,4.235476810657338,621.7391304347826
sky130hd,microwatt,105,23,0.21904761904761905,7,1.6254197545239675,4.306579872994144,123897.39130434784
nangate45,jpeg,104,22,0.21153846153846154,1,0.23488647202232427,4.257375877760032,59184.34782608696
sky130hs,riscv32i,104,22,0.21153846153846154,1,0.23488647202232427,4.257375877760032,7119.130434782609
asap7,gcd,105,22,0.20952380952380953,0,0.0,4.30765771161305,411.304347826087
nangate45,dynamic_node,105,22,0.20952380952380953,1,0.23236918607990348,4.3034965903617515,13006.08695652174
nangate45,tinyRocket,105,22,0.20952380952380953,0,0.0,4.3034965903617515,27524.34782608696
asap7,jpeg_lvt,82,17,0.2073170731707317,1,0.310946982030036,3.215982330722235,49218.26086956522
tsmc65lp,black_parrot,29,6,0.20689655172413793,3,1.650232203132887,1.817925982964484,157735.65217391305
tsmc65lp,ibex,29,6,0.20689655172413793,0,0.0,1.7628468578092125,13538.260869565218
ihp-sg13g2,jpeg,77,15,0.19480519480519481,1,0.3612493598525945,2.768170995259462,75987.82608695653
ihp-sg13g2,spi,77,15,0.19480519480519481,3,1.0837480795577834,2.768170995259462,154.7826086956522
nangate45,swerv,103,20,0.1941747572815534,2,0.4722018533940701,4.235476810657338,84965.21739130435
tsmc65lp,ariane,31,6,0.1935483870967742,1,0.4838403136848358,2.066797601845514,153959.13043478262
nangate45,ariane133,83,16,0.1927710843373494,3,0.8976357020395372,3.342113056759703,163422.6086956522
asap7,jpeg,104,20,0.19230769230769232,2,0.4667900371975345,4.284581590488504,58442.608695652176
tsmc65lp,dynamic_node,26,5,0.19230769230769232,0,0.0,1.3031961556011864,9846.08695652174
tsmc65lp,tinyRocket,26,5,0.19230769230769232,1,0.7673441912040349,1.3031961556011864,26987.826086956524
nangate45,black_parrot,103,19,0.18446601941747573,3,0.7083027800911051,4.235476810657338,210781.7391304348
nangate45,bp_be_top,103,19,0.18446601941747573,3,0.7083027800911051,4.235476810657338,54424.34782608696
gf12,ariane,105,19,0.18095238095238095,9,2.087988777993236,4.310367993763784,187942.6086956522
nangate45,bp_fe_top,105,19,0.18095238095238095,6,1.3853684599431246,4.33097776763759,33713.913043478264
sky130hs,ibex,105,19,0.18095238095238095,3,0.6952601492238102,4.314931617106497,16900.869565217392
asap7,mock-alu,78,14,0.1794871794871795,2,0.669560572231396,2.9870337097878163,12860.869565217392
ihp-sg13g2,ibex,78,14,0.1794871794871795,3,1.069761566611626,2.804363227875377,17580.0
rapidus2hp,cva6,39,7,0.1794871794871795,1,1.3676708977544048,0.7311700509544452,99366.95652173914
rapidus2hp,ethmac,39,7,0.1794871794871795,1,1.3676708977544048,0.7311700509544452,40007.82608695653
gf180,uart-blocks,79,14,0.17721518987341772,0,0.0,3.1298736279057975,653.9130434782609
ihp-sg13g2,riscv32i,79,14,0.17721518987341772,1,0.3492020094054025,2.863671952239714,11240.869565217392
asap7,aes,103,18,0.17475728155339806,0,0.0,4.235476810657338,12453.04347826087
ihp-sg13g2,i2c-gpio-expander,63,11,0.1746031746031746,2,1.2352856349467431,1.6190587370395721,851.304347826087
nangate45,mempool_group,53,9,0.16981132075471697,2,1.6023250712875632,1.248186173853525,163726.95652173914
asap7,aes-mbff,77,13,0.16883116883116883,2,0.7351036975115465,2.720704584632545,15442.608695652176
nangate45,ariane136,84,13,0.15476190476190477,4,1.1449842844760723,3.4934977311329125,177807.82608695654
asap7,ibex,104,16,0.15384615384615385,4,0.9404602836305387,4.253236494536973,19948.695652173916
asap7,uart,104,15,0.14423076923076922,3,0.7046594160669728,4.257375877760032,858.2608695652175
gf12,aes,105,15,0.14285714285714285,2,0.46350676614920683,4.314931617106497,13594.782608695654
gf12,ibex,105,15,0.14285714285714285,0,0.0,4.3034965903617515,15373.913043478262
gf12,jpeg,98,14,0.14285714285714285,4,0.9759048819921897,4.098760108500013,83126.08695652174
nangate45,ibex,105,15,0.14285714285714285,0,0.0,4.306579872994144,14713.913043478262
gf12,swerv_wrapper,99,14,0.1414141414141414,5,1.2113365402260647,4.12767206631683,105940.00000000001
asap7,gcd-ccs,71,10,0.14084507042253522,0,0.0,2.171804604912921,418.26086956521743
ihp-sg13g2,aes,79,11,0.13924050632911392,0,0.0,2.863671952239714,17072.17391304348
asap7,aes_lvt,77,10,0.12987012987012986,0,0.0,2.940315233097574,11567.826086956522
asap7,swerv_wrapper,85,11,0.12941176470588237,6,1.7023532922164928,3.5245327908332698,113866.95652173914
gf12,tinyRocket,105,12,0.11428571428571428,3,0.6926842299715623,4.33097776763759,29601.739130434784
gf12,coyote,105,11,0.10476190476190476,2,0.4619939230003101,4.329061272086597,275037.39130434784
rapidus2hp,ibex,39,4,0.10256410256410256,1,1.3676708977544048,0.7311700509544452,14493.04347826087
asap7,mock-array,43,4,0.09302325581395349,9,3.874245236112447,2.323033120389383,10726.08695652174
asap7,uart-blocks,11,1,0.09090909090909091,0,0.0,0.5556332864349633,1022.608695652174
asap7,mock-cpu,74,6,0.08108108108108109,2,0.7960045202168111,2.5125485461505312,41015.65217391305
gf12,bp_single,105,7,0.06666666666666667,8,1.8559900248828762,4.310367993763784,455040.8695652174
gf12,ca53,105,7,0.06666666666666667,3,0.6968217807018549,4.305261521788729,530904.347826087
gf12,gcd,105,7,0.06666666666666667,1,0.23175338307460341,4.314931617106497,527.8260869565217
gf12,ariane133,84,3,0.03571428571428571,2,0.5920747803040389,3.377951682003701,135850.4347826087
asap7,cva6,57,2,0.03508771929824561,8,5.452862276008344,1.4671193943772658,116642.60869565218
gf12,bp_dual,56,1,0.017857142857142856,5,3.5259189387687444,1.4180700370116865,736988.695652174
asap7,mock-array-big,6,0,0.0,7,16.93097329152744,0.4134434494384871,14993.913043478262
gf12,bp_quad,57,0,0.0,5,3.394241221083593,1.4730832826323927,1216967.8260869565
nangate45,bp_quad,20,0,0.0,0,0.0,0.503742680051715,1482162.6086956523
