design,stage,substep,arm,repeat,call,setup_s,hold_s,passes,last_improving_iter,wns_start_ps,wns_end_ps,endpoints,substep_wall_s,result_sha1,loadavg_at_start,recorded_at
aes,cts,4_1_cts,base,1,setup_hold,1.75,0.01,50,50,-9.24,0.004,26,12.47,388d27212cfe76a19f9c,0.96,2026-09-10T21:27:28
aes,floorplan,2_1_floorplan,base,1,floorplan_setup,14.42,,1077,1057,-59.315,-45.023,150,17.68,6a612011b922a089739e,0.82,2026-09-10T21:27:15
aes,grt,5_1_grt,base,1,setup_hold,29.73,0.05,596,569,-13.943,-4.195,111,53.53,de5b7477dac8c0b96048,0.97,2026-09-10T21:28:23
aes,grt,5_1_grt,base,1,post_grt_wns,0.47,,1,0,-4.78,-4.78,24,53.53,de5b7477dac8c0b96048,0.97,2026-09-10T21:28:23
aes-mbff,cts,4_1_cts,base,1,setup_hold,1.3,0.01,39,39,-9.009,0.371,18,11.61,7b694d536d2d1022c45e,0.91,2026-09-10T21:34:00
aes-mbff,floorplan,2_1_floorplan,base,1,floorplan_setup,0.11,,0,,,,,2.83,c422fbb68d101a10151a,0.82,2026-09-10T21:33:47
aes-mbff,grt,5_1_grt,base,1,setup_hold,11.53,0.06,267,238,-17.947,-1.2,106,35.68,f10f16d2f8ed4cb5ee89,0.93,2026-09-10T21:34:37
aes-mbff,grt,5_1_grt,base,1,post_grt_wns,0.47,,1,0,-2.004,-2.004,5,35.68,f10f16d2f8ed4cb5ee89,0.93,2026-09-10T21:34:37
aes_lvt,cts,4_1_cts,base,1,setup_hold,0.42,0.08,0,,,,,10.75,94255454a0e4207922be,0.93,2026-09-10T21:31:16
aes_lvt,floorplan,2_1_floorplan,base,1,floorplan_setup,0.09,,0,,,,,3.44,05fbccf4fa7def676509,0.91,2026-09-10T21:31:04
aes_lvt,grt,5_1_grt,base,1,setup_hold,0.32,0.1,0,,,,,20.43,6f020f356230f2a89325,0.94,2026-09-10T21:31:38
aes_lvt,grt,5_1_grt,base,1,post_grt_wns,0.29,,0,,,,,20.43,6f020f356230f2a89325,0.94,2026-09-10T21:31:38
coralnpu,cts,4_1_cts,base,1,setup_hold,385.37,0.56,1500,1280,-2142.929,-2053.337,16853,530.85,2be3f5b16ac161318a1c,0.98,2026-09-10T23:10:08
coralnpu,cts,4_1_cts,base-p006700680069,1,setup_hold,328.94,0.54,1500,1280,-2142.929,-2053.337,16853,472.4,2be3f5b16ac161318a1c,0.87,2026-09-12T02:44:45
coralnpu,cts,4_1_cts,base-prof,1,setup_hold,384.93,0.55,1500,1280,-2142.929,-2053.337,16853,531.49,2be3f5b16ac161318a1c,0.94,2026-09-11T01:19:28
coralnpu,floorplan,2_1_floorplan,base,1,floorplan_setup,225.27,,1200,23,-13804.944,-2383.044,16853,275.63,07ad1ef643b6055207ce,0.80,2026-09-10T23:00:15
coralnpu,floorplan,2_1_floorplan,base-p006700680069,1,floorplan_setup,48.04,,400,23,-13804.944,-2383.044,16853,99.53,07ad1ef643b6055207ce,0.86,2026-09-12T02:23:02
coralnpu,floorplan,2_1_floorplan,base-prof,1,floorplan_setup,221.33,,1200,23,-13804.944,-2383.044,16853,271.77,07ad1ef643b6055207ce,0.97,2026-09-11T00:54:46
coralnpu,grt,5_1_grt,base,1,setup_hold,674.13,1.27,1400,734,-2113.249,-2099.549,16853,1238.01,d7dc7d7019cd109a1d30,0.94,2026-09-10T23:32:32
coralnpu,grt,5_1_grt,base,1,post_grt_wns,8.44,,1,0,-2102.223,-2102.223,16853,1238.01,d7dc7d7019cd109a1d30,0.94,2026-09-10T23:32:32
coralnpu,grt,5_1_grt,base-p006700680069,1,setup_hold,617.74,1.26,1400,734,-2113.249,-2099.549,16853,1183.43,d7dc7d7019cd109a1d30,0.90,2026-09-12T03:15:09
coralnpu,grt,5_1_grt,base-p006700680069,1,post_grt_wns,8.16,,1,0,-2102.223,-2102.223,16853,1183.43,d7dc7d7019cd109a1d30,0.90,2026-09-12T03:15:09
coralnpu,grt,5_1_grt,base-prof,1,setup_hold,688.86,1.27,1400,734,-2113.249,-2099.549,16853,1263.15,d7dc7d7019cd109a1d30,0.92,2026-09-11T01:54:10
coralnpu,grt,5_1_grt,base-prof,1,post_grt_wns,8.45,,1,0,-2102.223,-2102.223,16853,1263.15,d7dc7d7019cd109a1d30,0.92,2026-09-11T01:54:10
ethmac,cts,4_1_cts,base,1,setup_hold,7.89,0.17,108,60,-86.312,-83.009,20,47.03,b2638a74278d34b25525,0.89,2026-09-10T22:10:10
ethmac,floorplan,2_1_floorplan,base,1,floorplan_setup,33.65,,509,448,-3111.825,-82.332,373,48.16,1675822e33d891cab1fd,0.89,2026-09-10T22:08:37
ethmac,grt,5_1_grt,base,1,setup_hold,22.41,0.36,289,233,-102.291,-99.186,67,145.94,475c744da884c861d1f7,0.89,2026-09-10T22:13:52
ethmac,grt,5_1_grt,base,1,post_grt_wns,2.64,,1,0,-98.825,-98.825,56,145.94,475c744da884c861d1f7,0.89,2026-09-10T22:13:52
ethmac_lvt,cts,4_1_cts,base,1,setup_hold,8.23,0.19,126,80,-27.833,-19.708,18,45.36,868549d0654ff946398c,0.94,2026-09-10T22:17:59
ethmac_lvt,floorplan,2_1_floorplan,base,1,floorplan_setup,28.11,,397,59,-1420.681,-23.301,308,42.13,e588f86df1febbf0b819,0.85,2026-09-10T22:17:13
ethmac_lvt,grt,5_1_grt,base,1,setup_hold,16.71,0.39,129,111,-31.83,-28.516,19,122.44,14459a5a830135fb7f5b,0.86,2026-09-10T22:21:03
ethmac_lvt,grt,5_1_grt,base,1,post_grt_wns,2.67,,1,0,-28.55,-28.55,18,122.44,14459a5a830135fb7f5b,0.86,2026-09-10T22:21:03
gcd,cts,4_1_cts,base,1,setup_hold,0.17,0.0,24,14,-42.428,-41.697,4,4.9,5d6bb9d0640e3eaf2236,0.98,2026-09-10T21:15:34
gcd,floorplan,2_1_floorplan,base,1,floorplan_setup,0.38,,61,32,-66.659,-63.947,21,1.9,d926c1d6588d405ca54b,0.78,2026-09-10T21:13:15
gcd,grt,5_1_grt,base,1,setup_hold,0.4,0.0,33,27,-52.651,-50.74,14,3.33,46a29f91d383fe8094f6,0.98,2026-09-10T21:15:39
gcd,grt,5_1_grt,base,1,post_grt_wns,0.05,,1,0,-50.74,-50.74,7,3.33,46a29f91d383fe8094f6,0.98,2026-09-10T21:15:39
gcd-ccs,cts,4_1_cts,base,1,setup_hold,0.98,0.0,38,28,-49.993,-49.277,16,13.66,61988b2c27a546e66309,0.89,2026-09-10T22:52:34
gcd-ccs,floorplan,2_1_floorplan,base,1,floorplan_setup,0.42,,61,32,-66.659,-63.947,21,9.41,157454ec200f2cbba9f8,0.79,2026-09-10T22:52:19
gcd-ccs,grt,5_1_grt,base,1,setup_hold,1.81,0.0,32,12,-55.724,-54.527,7,14.19,06cc0fc278c7e6069965,0.89,2026-09-10T22:53:20
gcd-ccs,grt,5_1_grt,base,1,post_grt_wns,0.34,,1,0,-54.848,-54.848,7,14.19,06cc0fc278c7e6069965,0.89,2026-09-10T22:53:20
ibex,cts,4_1_cts,base,1,setup_hold,41.75,0.11,779,579,-51.223,0.261,645,63.92,56134725468e06aad39d,0.81,2026-09-10T21:40:31
ibex,cts,4_1_cts,base-p0067,1,setup_hold,28.63,0.11,779,579,-51.223,0.261,645,50.46,56134725468e06aad39d,0.95,2026-09-11T17:41:55
ibex,cts,4_1_cts,base-p0067,2,setup_hold,28.7,0.11,779,579,-51.223,0.261,645,50.93,56134725468e06aad39d,0.93,2026-09-11T17:43:01
ibex,cts,4_1_cts,base-p0067,3,setup_hold,28.86,0.11,779,579,-51.223,0.261,645,51.14,56134725468e06aad39d,0.96,2026-09-11T17:45:23
ibex,cts,4_1_cts,base-p006700680069,1,setup_hold,26.77,0.11,468,90,-51.223,0.261,645,48.84,2da0a0e7a5283dde4e7d,0.97,2026-09-12T01:07:13
ibex,cts,4_1_cts,base-p006700680069,2,setup_hold,27.02,0.11,468,90,-51.223,0.261,645,49.18,2da0a0e7a5283dde4e7d,0.84,2026-09-12T01:08:18
ibex,cts,4_1_cts,base-p006700680069,3,setup_hold,26.58,0.11,468,90,-51.223,0.261,645,48.72,2da0a0e7a5283dde4e7d,0.91,2026-09-12T01:09:52
ibex,cts,4_1_cts,base-p0068,1,setup_hold,42.48,0.11,779,579,-51.223,0.261,645,64.73,56134725468e06aad39d,0.85,2026-09-11T20:20:42
ibex,cts,4_1_cts,base-p0068,2,setup_hold,41.49,0.11,779,579,-51.223,0.261,645,63.27,56134725468e06aad39d,1.00,2026-09-11T20:23:45
ibex,cts,4_1_cts,base-p0068,3,setup_hold,42.0,0.11,779,579,-51.223,0.261,645,64.24,56134725468e06aad39d,0.84,2026-09-11T20:25:35
ibex,cts,4_1_cts,base-p0069,1,setup_hold,34.18,0.11,468,90,-51.223,0.261,645,56.23,2da0a0e7a5283dde4e7d,0.84,2026-09-11T22:43:28
ibex,cts,4_1_cts,base-p0069,2,setup_hold,34.25,0.11,468,90,-51.223,0.261,645,56.24,2da0a0e7a5283dde4e7d,0.83,2026-09-11T22:45:55
ibex,cts,4_1_cts,base-p0069,3,setup_hold,33.96,0.11,468,90,-51.223,0.261,645,55.96,2da0a0e7a5283dde4e7d,0.83,2026-09-11T22:48:36
ibex,cts,4_1_cts,base-prof,1,setup_hold,41.47,0.11,779,579,-51.223,0.261,645,63.25,56134725468e06aad39d,0.78,2026-09-11T00:40:09
ibex,cts,4_1_cts,base-prof,2,setup_hold,42.23,0.11,779,579,-51.223,0.261,645,64.48,56134725468e06aad39d,0.97,2026-09-11T08:02:22
ibex,cts,4_1_cts,base-prof,3,setup_hold,41.96,0.11,779,579,-51.223,0.261,645,63.93,56134725468e06aad39d,0.98,2026-09-11T08:04:11
ibex,cts,4_1_cts,footprint-prof,1,setup_hold,41.79,0.11,779,579,-51.223,0.261,645,63.79,56134725468e06aad39d,0.92,2026-09-11T08:31:31
ibex,cts,4_1_cts,footprint-prof,2,setup_hold,41.74,0.11,779,579,-51.223,0.261,645,63.96,56134725468e06aad39d,0.88,2026-09-11T08:32:50
ibex,cts,4_1_cts,footprint-prof,3,setup_hold,41.92,0.11,779,579,-51.223,0.261,645,64.02,56134725468e06aad39d,0.87,2026-09-11T08:35:10
ibex,cts,4_1_cts,noclone-prof,1,setup_hold,30.22,0.11,740,155,-51.223,0.373,645,52.27,fba2b7d5d93447d34d7b,0.80,2026-09-11T08:21:42
ibex,cts,4_1_cts,noclone-prof,2,setup_hold,30.6,0.12,740,155,-51.223,0.373,645,52.88,fba2b7d5d93447d34d7b,0.88,2026-09-11T08:22:50
ibex,cts,4_1_cts,noclone-prof,3,setup_hold,29.59,0.11,740,155,-51.223,0.373,645,51.7,fba2b7d5d93447d34d7b,0.93,2026-09-11T08:24:12
ibex,cts,4_1_cts,nogasp-prof,1,setup_hold,40.91,0.11,748,579,-51.223,-2.566,645,62.68,10e2b5ea767da3674656,0.97,2026-09-11T08:16:42
ibex,cts,4_1_cts,nogasp-prof,2,setup_hold,41.12,0.11,748,579,-51.223,-2.566,645,63.18,10e2b5ea767da3674656,0.83,2026-09-11T08:18:30
ibex,cts,4_1_cts,nogasp-prof,3,setup_hold,41.07,0.11,748,579,-51.223,-2.566,645,63.25,10e2b5ea767da3674656,0.96,2026-09-11T08:19:49
ibex,cts,4_1_cts,nounbuf-prof,1,setup_hold,42.2,0.11,779,579,-51.223,0.261,645,64.28,56134725468e06aad39d,0.95,2026-09-11T08:26:17
ibex,cts,4_1_cts,nounbuf-prof,2,setup_hold,42.11,0.11,779,579,-51.223,0.261,645,64.24,56134725468e06aad39d,0.95,2026-09-11T08:28:52
ibex,cts,4_1_cts,nounbuf-prof,3,setup_hold,42.05,0.11,779,579,-51.223,0.261,645,64.11,56134725468e06aad39d,0.85,2026-09-11T08:30:11
ibex,cts,4_1_cts,tns20-prof,1,setup_hold,30.31,0.11,296,90,-51.223,0.261,645,52.55,2da0a0e7a5283dde4e7d,0.91,2026-09-11T08:05:34
ibex,cts,4_1_cts,tns20-prof,2,setup_hold,29.71,0.11,296,90,-51.223,0.261,645,51.66,2da0a0e7a5283dde4e7d,0.86,2026-09-11T08:07:26
ibex,cts,4_1_cts,tns20-prof,3,setup_hold,29.71,0.11,296,90,-51.223,0.261,645,51.82,2da0a0e7a5283dde4e7d,0.82,2026-09-11T08:08:33
ibex,cts,4_1_cts,tns5-prof,1,setup_hold,19.11,0.11,179,90,-51.223,0.261,645,41.22,2da0a0e7a5283dde4e7d,0.80,2026-09-11T08:10:30
ibex,cts,4_1_cts,tns5-prof,2,setup_hold,19.27,0.11,179,90,-51.223,0.261,645,41.38,2da0a0e7a5283dde4e7d,0.96,2026-09-11T08:12:12
ibex,cts,4_1_cts,tns5-prof,3,setup_hold,19.08,0.11,179,90,-51.223,0.261,645,41.05,2da0a0e7a5283dde4e7d,0.90,2026-09-11T08:14:39
ibex,floorplan,2_1_floorplan,base,1,floorplan_setup,77.47,,1200,730,-3476.455,-1344.686,1970,86.52,9167078746a9449efa2d,0.90,2026-09-10T21:38:11
ibex,floorplan,2_1_floorplan,base-p0067,1,floorplan_setup,70.06,,1200,730,-3476.455,-1344.686,1970,79.12,9167078746a9449efa2d,0.94,2026-09-11T17:30:16
ibex,floorplan,2_1_floorplan,base-p0067,2,floorplan_setup,69.75,,1200,730,-3476.455,-1344.686,1970,78.88,9167078746a9449efa2d,0.84,2026-09-11T17:33:11
ibex,floorplan,2_1_floorplan,base-p0067,3,floorplan_setup,69.2,,1200,730,-3476.455,-1344.686,1970,78.21000000000001,9167078746a9449efa2d,0.83,2026-09-11T17:36:21
ibex,floorplan,2_1_floorplan,base-p006700680069,1,floorplan_setup,69.37,,1200,730,-3476.455,-1344.686,1970,78.45,9167078746a9449efa2d,0.80,2026-09-12T00:55:36
ibex,floorplan,2_1_floorplan,base-p006700680069,2,floorplan_setup,69.12,,1200,730,-3476.455,-1344.686,1970,77.98,9167078746a9449efa2d,0.98,2026-09-12T00:58:45
ibex,floorplan,2_1_floorplan,base-p006700680069,3,floorplan_setup,69.8,,1200,730,-3476.455,-1344.686,1970,78.88,9167078746a9449efa2d,0.82,2026-09-12T01:01:55
ibex,floorplan,2_1_floorplan,base-p0068,1,floorplan_setup,79.01,,1200,730,-3476.455,-1344.686,1970,88.18,9167078746a9449efa2d,0.85,2026-09-11T20:09:35
ibex,floorplan,2_1_floorplan,base-p0068,2,floorplan_setup,79.17,,1200,730,-3476.455,-1344.686,1970,88.28999999999999,9167078746a9449efa2d,0.84,2026-09-11T20:12:09
ibex,floorplan,2_1_floorplan,base-p0068,3,floorplan_setup,77.89,,1200,730,-3476.455,-1344.686,1970,87.0,9167078746a9449efa2d,0.82,2026-09-11T20:14:43
ibex,floorplan,2_1_floorplan,base-p0069,1,floorplan_setup,76.95,,1200,730,-3476.455,-1344.686,1970,85.89,9167078746a9449efa2d,0.86,2026-09-11T22:32:21
ibex,floorplan,2_1_floorplan,base-p0069,2,floorplan_setup,77.23,,1200,730,-3476.455,-1344.686,1970,86.15,9167078746a9449efa2d,0.95,2026-09-11T22:34:53
ibex,floorplan,2_1_floorplan,base-p0069,3,floorplan_setup,77.33,,1200,730,-3476.455,-1344.686,1970,86.39,9167078746a9449efa2d,0.98,2026-09-11T22:37:26
ibex,floorplan,2_1_floorplan,base-prof,1,floorplan_setup,77.25,,1200,730,-3476.455,-1344.686,1970,86.28,9167078746a9449efa2d,0.88,2026-09-11T00:34:14
ibex,floorplan,2_1_floorplan,base-prof,2,floorplan_setup,79.6,,1200,730,-3476.455,-1344.686,1970,88.65,9167078746a9449efa2d,0.97,2026-09-11T16:07:32
ibex,floorplan,2_1_floorplan,base-prof,3,floorplan_setup,79.18,,1200,730,-3476.455,-1344.686,1970,88.17,9167078746a9449efa2d,0.88,2026-09-11T16:09:52
ibex,grt,5_1_grt,base,1,setup_hold,87.47,0.21,1124,593,-35.841,0.079,719,133.06,240ce624c04661cdc1e4,0.86,2026-09-10T21:43:46
ibex,grt,5_1_grt,base,1,post_grt_wns,1.62,,1,0,-1.615,-1.615,31,133.06,240ce624c04661cdc1e4,0.86,2026-09-10T21:43:46
ibex,grt,5_1_grt,base-p0067,1,setup_hold,71.4,0.21,1124,593,-35.841,0.079,719,116.52000000000001,240ce624c04661cdc1e4,0.92,2026-09-11T17:49:00
ibex,grt,5_1_grt,base-p0067,1,post_grt_wns,1.54,,1,0,-1.615,-1.615,31,116.52000000000001,240ce624c04661cdc1e4,0.92,2026-09-11T17:49:00
ibex,grt,5_1_grt,base-p0067,2,setup_hold,72.27,0.2,1124,593,-35.841,0.079,719,117.72,240ce624c04661cdc1e4,0.98,2026-09-11T17:53:43
ibex,grt,5_1_grt,base-p0067,2,post_grt_wns,1.54,,1,0,-1.615,-1.615,31,117.72,240ce624c04661cdc1e4,0.98,2026-09-11T17:53:43
ibex,grt,5_1_grt,base-p0067,3,setup_hold,69.94,0.21,1124,593,-35.841,0.079,719,115.32,240ce624c04661cdc1e4,0.89,2026-09-11T17:58:24
ibex,grt,5_1_grt,base-p0067,3,post_grt_wns,1.57,,1,0,-1.615,-1.615,31,115.32,240ce624c04661cdc1e4,0.89,2026-09-11T17:58:24
ibex,grt,5_1_grt,base-p006700680069,1,setup_hold,61.35,0.2,923,485,-33.204,-0.503,663,106.47999999999999,5a5b0b521d3f83ca1453,0.98,2026-09-12T01:13:33
ibex,grt,5_1_grt,base-p006700680069,1,post_grt_wns,1.52,,1,0,-0.933,-0.933,29,106.47999999999999,5a5b0b521d3f83ca1453,0.98,2026-09-12T01:13:33
ibex,grt,5_1_grt,base-p006700680069,2,setup_hold,61.64,0.2,923,485,-33.204,-0.503,663,106.61,5a5b0b521d3f83ca1453,0.98,2026-09-12T01:17:50
ibex,grt,5_1_grt,base-p006700680069,2,post_grt_wns,1.51,,1,0,-0.933,-0.933,29,106.61,5a5b0b521d3f83ca1453,0.98,2026-09-12T01:17:50
ibex,grt,5_1_grt,base-p006700680069,3,setup_hold,61.26,0.19,923,485,-33.204,-0.503,663,106.25,5a5b0b521d3f83ca1453,0.81,2026-09-12T01:22:22
ibex,grt,5_1_grt,base-p006700680069,3,post_grt_wns,1.41,,1,0,-0.933,-0.933,29,106.25,5a5b0b521d3f83ca1453,0.81,2026-09-12T01:22:22
ibex,grt,5_1_grt,base-p0068,1,setup_hold,87.17,0.2,1124,593,-35.841,0.079,719,132.9,240ce624c04661cdc1e4,0.80,2026-09-11T20:30:27
ibex,grt,5_1_grt,base-p0068,1,post_grt_wns,1.64,,1,0,-1.615,-1.615,31,132.9,240ce624c04661cdc1e4,0.80,2026-09-11T20:30:27
ibex,grt,5_1_grt,base-p0068,2,setup_hold,87.16,0.2,1124,593,-35.841,0.079,719,132.71,240ce624c04661cdc1e4,0.82,2026-09-11T20:35:10
ibex,grt,5_1_grt,base-p0068,2,post_grt_wns,1.62,,1,0,-1.615,-1.615,31,132.71,240ce624c04661cdc1e4,0.82,2026-09-11T20:35:10
ibex,grt,5_1_grt,base-p0068,3,setup_hold,86.3,0.2,1124,593,-35.841,0.079,719,131.78,240ce624c04661cdc1e4,0.95,2026-09-11T20:39:52
ibex,grt,5_1_grt,base-p0068,3,post_grt_wns,1.62,,1,0,-1.615,-1.615,31,131.78,240ce624c04661cdc1e4,0.95,2026-09-11T20:39:52
ibex,grt,5_1_grt,base-p0069,1,setup_hold,73.85,0.19,923,485,-33.204,-0.503,663,118.87,5a5b0b521d3f83ca1453,0.85,2026-09-11T22:53:21
ibex,grt,5_1_grt,base-p0069,1,post_grt_wns,1.51,,1,0,-0.933,-0.933,29,118.87,5a5b0b521d3f83ca1453,0.85,2026-09-11T22:53:21
ibex,grt,5_1_grt,base-p0069,2,setup_hold,74.66,0.19,923,485,-33.204,-0.503,663,119.86,5a5b0b521d3f83ca1453,0.96,2026-09-11T22:57:51
ibex,grt,5_1_grt,base-p0069,2,post_grt_wns,1.59,,1,0,-0.933,-0.933,29,119.86,5a5b0b521d3f83ca1453,0.96,2026-09-11T22:57:51
ibex,grt,5_1_grt,base-p0069,3,setup_hold,73.6,0.19,923,485,-33.204,-0.503,663,117.87,5a5b0b521d3f83ca1453,0.87,2026-09-11T23:02:34
ibex,grt,5_1_grt,base-p0069,3,post_grt_wns,1.54,,1,0,-0.933,-0.933,29,117.87,5a5b0b521d3f83ca1453,0.87,2026-09-11T23:02:34
ibex,grt,5_1_grt,base-prof,1,setup_hold,85.82,0.2,1124,593,-35.841,0.079,719,130.91,240ce624c04661cdc1e4,0.85,2026-09-11T00:44:57
ibex,grt,5_1_grt,base-prof,1,post_grt_wns,1.6,,1,0,-1.615,-1.615,31,130.91,240ce624c04661cdc1e4,0.85,2026-09-11T00:44:57
ibex,grt,5_1_grt,base-prof,2,setup_hold,87.88,0.2,1124,593,-35.841,0.079,719,133.38,240ce624c04661cdc1e4,0.79,2026-09-11T08:41:03
ibex,grt,5_1_grt,base-prof,2,post_grt_wns,1.62,,1,0,-1.615,-1.615,31,133.38,240ce624c04661cdc1e4,0.79,2026-09-11T08:41:03
ibex,grt,5_1_grt,base-prof,3,setup_hold,87.05,0.2,1124,593,-35.841,0.079,719,132.53,240ce624c04661cdc1e4,0.89,2026-09-11T08:45:31
ibex,grt,5_1_grt,base-prof,3,post_grt_wns,1.6,,1,0,-1.615,-1.615,31,132.53,240ce624c04661cdc1e4,0.89,2026-09-11T08:45:31
ibex,grt,5_1_grt,noclone-prof,1,setup_hold,147.55,0.2,1389,1021,-35.841,-7.913,719,192.59,2bd134e69687411dc3a2,0.99,2026-09-11T09:34:42
ibex,grt,5_1_grt,noclone-prof,1,post_grt_wns,1.6,,1,0,-9.054,-9.054,100,192.59,2bd134e69687411dc3a2,0.99,2026-09-11T09:34:42
ibex,grt,5_1_grt,noclone-prof,2,setup_hold,146.02,0.2,1389,1021,-35.841,-7.913,719,191.21,2bd134e69687411dc3a2,0.86,2026-09-11T09:40:54
ibex,grt,5_1_grt,noclone-prof,2,post_grt_wns,1.58,,1,0,-9.054,-9.054,100,191.21,2bd134e69687411dc3a2,0.86,2026-09-11T09:40:54
ibex,grt,5_1_grt,noclone-prof,3,setup_hold,144.85,0.2,1389,1021,-35.841,-7.913,719,190.2,2bd134e69687411dc3a2,0.95,2026-09-11T09:47:04
ibex,grt,5_1_grt,noclone-prof,3,post_grt_wns,1.59,,1,0,-9.054,-9.054,100,190.2,2bd134e69687411dc3a2,0.95,2026-09-11T09:47:04
ibex,grt,5_1_grt,nogasp-prof,1,setup_hold,87.51,0.2,1121,593,-35.841,-0.117,719,133.19,f44f6c1e5c3994291483,0.81,2026-09-11T09:19:17
ibex,grt,5_1_grt,nogasp-prof,1,post_grt_wns,1.62,,1,0,-4.334,-4.334,36,133.19,f44f6c1e5c3994291483,0.81,2026-09-11T09:19:17
ibex,grt,5_1_grt,nogasp-prof,2,setup_hold,87.14,0.2,1121,593,-35.841,-0.117,719,132.62,f44f6c1e5c3994291483,0.84,2026-09-11T09:24:15
ibex,grt,5_1_grt,nogasp-prof,2,post_grt_wns,1.61,,1,0,-4.334,-4.334,36,132.62,f44f6c1e5c3994291483,0.84,2026-09-11T09:24:15
ibex,grt,5_1_grt,nogasp-prof,3,setup_hold,87.55,0.2,1121,593,-35.841,-0.117,719,133.06,f44f6c1e5c3994291483,0.90,2026-09-11T09:28:59
ibex,grt,5_1_grt,nogasp-prof,3,post_grt_wns,1.6,,1,0,-4.334,-4.334,36,133.06,f44f6c1e5c3994291483,0.90,2026-09-11T09:28:59
ibex,grt,5_1_grt,nopostwns-prof,1,setup_hold,86.46,0.2,1124,593,-35.841,0.079,719,130.39,9cab11fda6c6c060f3f8,0.98,2026-09-11T15:21:45
ibex,grt,5_1_grt,nopostwns-prof,2,setup_hold,87.28,0.2,1124,593,-35.841,0.079,719,131.22,9cab11fda6c6c060f3f8,0.91,2026-09-11T15:26:41
ibex,grt,5_1_grt,nopostwns-prof,3,setup_hold,87.21,0.21,1124,593,-35.841,0.079,719,131.17,9cab11fda6c6c060f3f8,0.89,2026-09-11T15:31:23
ibex,grt,5_1_grt,nounbuf-prof,1,setup_hold,86.33,0.2,1124,593,-35.841,0.079,719,131.35,240ce624c04661cdc1e4,0.82,2026-09-11T09:52:16
ibex,grt,5_1_grt,nounbuf-prof,1,post_grt_wns,1.46,,1,0,-1.615,-1.615,31,131.35,240ce624c04661cdc1e4,0.82,2026-09-11T09:52:16
ibex,grt,5_1_grt,nounbuf-prof,2,setup_hold,86.69,0.2,1124,593,-35.841,0.079,719,131.83,240ce624c04661cdc1e4,0.82,2026-09-11T09:57:13
ibex,grt,5_1_grt,nounbuf-prof,2,post_grt_wns,1.58,,1,0,-1.615,-1.615,31,131.83,240ce624c04661cdc1e4,0.82,2026-09-11T09:57:13
ibex,grt,5_1_grt,nounbuf-prof,3,setup_hold,86.91,0.21,1124,593,-35.841,0.079,719,132.41,240ce624c04661cdc1e4,0.85,2026-09-11T10:01:56
ibex,grt,5_1_grt,nounbuf-prof,3,post_grt_wns,1.61,,1,0,-1.615,-1.615,31,132.41,240ce624c04661cdc1e4,0.85,2026-09-11T10:01:56
ibex,grt,5_1_grt,tns20-prof,1,setup_hold,72.02,0.21,556,478,-35.841,0.173,719,117.56,f1368605026baa4617b3,0.83,2026-09-11T08:50:14
ibex,grt,5_1_grt,tns20-prof,1,post_grt_wns,1.63,,1,0,-1.615,-1.615,30,117.56,f1368605026baa4617b3,0.83,2026-09-11T08:50:14
ibex,grt,5_1_grt,tns20-prof,2,setup_hold,72.09,0.21,556,478,-35.841,0.173,719,117.19,f1368605026baa4617b3,0.85,2026-09-11T08:54:57
ibex,grt,5_1_grt,tns20-prof,2,post_grt_wns,1.61,,1,0,-1.615,-1.615,30,117.19,f1368605026baa4617b3,0.85,2026-09-11T08:54:57
ibex,grt,5_1_grt,tns20-prof,3,setup_hold,72.62,0.21,556,478,-35.841,0.173,719,118.49000000000001,f1368605026baa4617b3,0.96,2026-09-11T08:59:41
ibex,grt,5_1_grt,tns20-prof,3,post_grt_wns,1.62,,1,0,-1.615,-1.615,30,118.49000000000001,f1368605026baa4617b3,0.96,2026-09-11T08:59:41
ibex,grt,5_1_grt,tns5-prof,1,setup_hold,70.74,0.2,514,417,-35.841,-0.117,719,116.22,bd3d3c6d7a0a11fa4b28,0.83,2026-09-11T09:04:37
ibex,grt,5_1_grt,tns5-prof,1,post_grt_wns,1.62,,1,0,-4.334,-4.334,36,116.22,bd3d3c6d7a0a11fa4b28,0.83,2026-09-11T09:04:37
ibex,grt,5_1_grt,tns5-prof,2,setup_hold,72.24,0.2,514,417,-35.841,-0.117,719,117.56,bd3d3c6d7a0a11fa4b28,0.83,2026-09-11T09:09:20
ibex,grt,5_1_grt,tns5-prof,2,post_grt_wns,1.62,,1,0,-4.334,-4.334,36,117.56,bd3d3c6d7a0a11fa4b28,0.83,2026-09-11T09:09:20
ibex,grt,5_1_grt,tns5-prof,3,setup_hold,72.05,0.2,514,417,-35.841,-0.117,719,117.47999999999999,bd3d3c6d7a0a11fa4b28,0.94,2026-09-11T09:14:18
ibex,grt,5_1_grt,tns5-prof,3,post_grt_wns,1.61,,1,0,-4.334,-4.334,36,117.47999999999999,bd3d3c6d7a0a11fa4b28,0.94,2026-09-11T09:14:18
jpeg,cts,4_1_cts,base,1,setup_hold,120.38,0.13,1900,1620,-123.072,-95.177,572,155.25,6882293c0dc4223b9175,0.96,2026-09-10T21:51:44
jpeg,cts,4_1_cts,base-p0067,1,setup_hold,109.19,0.13,1900,1620,-123.072,-95.177,572,144.34,6882293c0dc4223b9175,0.89,2026-09-11T18:15:26
jpeg,cts,4_1_cts,base-p0067,2,setup_hold,108.25,0.13,1900,1620,-123.072,-95.177,572,143.03,6882293c0dc4223b9175,1.00,2026-09-11T18:19:20
jpeg,cts,4_1_cts,base-p0067,3,setup_hold,108.71,0.13,1900,1620,-123.072,-95.177,572,143.74,6882293c0dc4223b9175,0.80,2026-09-11T18:23:59
jpeg,cts,4_1_cts,base-p006700680069,1,setup_hold,108.17,0.13,1900,1620,-123.072,-95.177,572,143.34,6882293c0dc4223b9175,0.87,2026-09-12T01:39:35
jpeg,cts,4_1_cts,base-p006700680069,2,setup_hold,108.85,0.13,1900,1620,-123.072,-95.177,572,143.82999999999998,6882293c0dc4223b9175,0.91,2026-09-12T01:44:00
jpeg,cts,4_1_cts,base-p006700680069,3,setup_hold,108.71,0.13,1900,1620,-123.072,-95.177,572,143.68,6882293c0dc4223b9175,0.92,2026-09-12T01:47:54
jpeg,cts,4_1_cts,base-p0068,1,setup_hold,120.76,0.13,1900,1620,-123.072,-95.177,572,155.6,6882293c0dc4223b9175,0.88,2026-09-11T21:00:22
jpeg,cts,4_1_cts,base-p0068,2,setup_hold,122.93,0.13,1900,1620,-123.072,-95.177,572,158.04,6882293c0dc4223b9175,0.94,2026-09-11T21:04:46
jpeg,cts,4_1_cts,base-p0068,3,setup_hold,121.62,0.13,1900,1620,-123.072,-95.177,572,156.32,6882293c0dc4223b9175,0.94,2026-09-11T21:09:07
jpeg,cts,4_1_cts,base-p0069,1,setup_hold,122.06,0.13,1900,1620,-123.072,-95.177,572,157.09,6882293c0dc4223b9175,0.82,2026-09-11T23:21:27
jpeg,cts,4_1_cts,base-p0069,2,setup_hold,122.59,0.13,1900,1620,-123.072,-95.177,572,157.53,6882293c0dc4223b9175,0.95,2026-09-11T23:26:05
jpeg,cts,4_1_cts,base-p0069,3,setup_hold,122.26,0.13,1900,1620,-123.072,-95.177,572,157.35,6882293c0dc4223b9175,0.96,2026-09-11T23:29:43
jpeg,cts,4_1_cts,base-prof,1,setup_hold,121.5,0.12,1900,1620,-123.072,-95.177,572,156.17000000000002,6882293c0dc4223b9175,0.97,2026-09-11T00:06:33
jpeg,cts,4_1_cts,base-prof,2,setup_hold,122.07,0.13,1900,1620,-123.072,-95.177,572,157.19,6882293c0dc4223b9175,0.78,2026-09-11T10:16:15
jpeg,cts,4_1_cts,base-prof,3,setup_hold,122.18,0.13,1900,1620,-123.072,-95.177,572,156.95,6882293c0dc4223b9175,0.99,2026-09-11T10:20:37
jpeg,cts,4_1_cts,footprint-prof,1,setup_hold,124.72,0.13,1900,1620,-123.072,-95.177,572,160.61,6882293c0dc4223b9175,0.92,2026-09-11T11:53:02
jpeg,cts,4_1_cts,footprint-prof,2,setup_hold,124.35,0.13,1900,1620,-123.072,-95.177,572,159.81,6882293c0dc4223b9175,0.99,2026-09-11T11:58:43
jpeg,cts,4_1_cts,footprint-prof,3,setup_hold,122.08,0.13,1900,1620,-123.072,-95.177,572,157.07999999999998,6882293c0dc4223b9175,1.00,2026-09-11T12:02:50
jpeg,cts,4_1_cts,noclone-prof,1,setup_hold,164.01,0.13,2600,2370,-123.072,-95.177,572,199.11,83283bd1d94b741b3ac6,0.93,2026-09-11T11:17:12
jpeg,cts,4_1_cts,noclone-prof,2,setup_hold,163.65,0.13,2600,2370,-123.072,-95.177,572,198.35,83283bd1d94b741b3ac6,0.78,2026-09-11T11:21:46
jpeg,cts,4_1_cts,noclone-prof,3,setup_hold,164.35,0.13,2600,2370,-123.072,-95.177,572,199.11,83283bd1d94b741b3ac6,0.84,2026-09-11T11:26:50
jpeg,cts,4_1_cts,nogasp-prof,1,setup_hold,92.87,0.13,1700,1620,-123.072,-95.315,572,128.55,2c807d2296aea87ab773,0.96,2026-09-11T11:02:41
jpeg,cts,4_1_cts,nogasp-prof,2,setup_hold,89.46,0.13,1700,1620,-123.072,-95.315,572,124.4,2c807d2296aea87ab773,0.85,2026-09-11T11:07:46
jpeg,cts,4_1_cts,nogasp-prof,3,setup_hold,90.69,0.13,1700,1620,-123.072,-95.315,572,125.84,2c807d2296aea87ab773,0.94,2026-09-11T11:12:22
jpeg,cts,4_1_cts,nounbuf-prof,1,setup_hold,109.18,0.13,1600,1360,-123.072,-97.542,572,144.05,0641688b8f3776cb3165,0.98,2026-09-11T11:31:00
jpeg,cts,4_1_cts,nounbuf-prof,2,setup_hold,108.45,0.13,1600,1360,-123.072,-97.542,572,143.91,0641688b8f3776cb3165,0.81,2026-09-11T11:35:39
jpeg,cts,4_1_cts,nounbuf-prof,3,setup_hold,110.78,0.13,1600,1360,-123.072,-97.542,572,146.23,0641688b8f3776cb3165,0.81,2026-09-11T11:44:06
jpeg,cts,4_1_cts,tns20-prof,1,setup_hold,121.93,0.13,1900,1620,-123.072,-95.177,572,156.95,6882293c0dc4223b9175,0.97,2026-09-11T10:24:29
jpeg,cts,4_1_cts,tns20-prof,2,setup_hold,122.02,0.13,1900,1620,-123.072,-95.177,572,157.21,6882293c0dc4223b9175,0.85,2026-09-11T10:28:37
jpeg,cts,4_1_cts,tns20-prof,3,setup_hold,122.4,0.13,1900,1620,-123.072,-95.177,572,157.37,6882293c0dc4223b9175,0.93,2026-09-11T10:33:00
jpeg,cts,4_1_cts,tns5-prof,1,setup_hold,99.09,0.13,1200,690,-123.072,-98.307,572,133.91,c16261d0e069c45f2546,0.94,2026-09-11T10:36:59
jpeg,cts,4_1_cts,tns5-prof,2,setup_hold,98.68,0.13,1200,690,-123.072,-98.307,572,133.81,c16261d0e069c45f2546,0.91,2026-09-11T10:41:14
jpeg,cts,4_1_cts,tns5-prof,3,setup_hold,101.69,0.13,1200,690,-123.072,-98.307,572,137.77,c16261d0e069c45f2546,0.88,2026-09-11T10:57:17
jpeg,floorplan,2_1_floorplan,base,1,floorplan_setup,106.25,,3615,3584,-84.892,-66.716,410,118.17,ec3c632bb48bfd979389,0.88,2026-09-10T21:48:38
jpeg,floorplan,2_1_floorplan,base-p0067,1,floorplan_setup,80.93,,3615,3584,-84.892,-66.716,410,92.97999999999999,ec3c632bb48bfd979389,0.92,2026-09-11T18:03:09
jpeg,floorplan,2_1_floorplan,base-p0067,2,floorplan_setup,82.32,,3615,3584,-84.892,-66.716,410,94.44,ec3c632bb48bfd979389,0.99,2026-09-11T18:04:52
jpeg,floorplan,2_1_floorplan,base-p0067,3,floorplan_setup,81.64,,3615,3584,-84.892,-66.716,410,93.78999999999999,ec3c632bb48bfd979389,0.96,2026-09-11T18:07:19
jpeg,floorplan,2_1_floorplan,base-p006700680069,1,floorplan_setup,79.71,,3615,3584,-84.892,-66.716,410,91.78999999999999,ec3c632bb48bfd979389,1.00,2026-09-12T01:27:06
jpeg,floorplan,2_1_floorplan,base-p006700680069,2,floorplan_setup,80.62,,3615,3584,-84.892,-66.716,410,92.66,ec3c632bb48bfd979389,0.93,2026-09-12T01:29:16
jpeg,floorplan,2_1_floorplan,base-p006700680069,3,floorplan_setup,82.42,,3615,3584,-84.892,-66.716,410,94.5,ec3c632bb48bfd979389,0.98,2026-09-12T01:31:44
jpeg,floorplan,2_1_floorplan,base-p0068,1,floorplan_setup,109.12,,3615,3584,-84.892,-66.716,410,121.42,ec3c632bb48bfd979389,0.80,2026-09-11T20:45:36
jpeg,floorplan,2_1_floorplan,base-p0068,2,floorplan_setup,106.94,,3615,3584,-84.892,-66.716,410,119.14,ec3c632bb48bfd979389,0.98,2026-09-11T20:47:59
jpeg,floorplan,2_1_floorplan,base-p0068,3,floorplan_setup,106.99,,3615,3584,-84.892,-66.716,410,119.22,ec3c632bb48bfd979389,0.81,2026-09-11T20:51:06
jpeg,floorplan,2_1_floorplan,base-p0069,1,floorplan_setup,106.86,,3615,3584,-84.892,-66.716,410,119.0,ec3c632bb48bfd979389,0.99,2026-09-11T23:07:46
jpeg,floorplan,2_1_floorplan,base-p0069,2,floorplan_setup,106.45,,3615,3584,-84.892,-66.716,410,118.5,ec3c632bb48bfd979389,0.99,2026-09-11T23:10:07
jpeg,floorplan,2_1_floorplan,base-p0069,3,floorplan_setup,106.2,,3615,3584,-84.892,-66.716,410,118.16,ec3c632bb48bfd979389,0.88,2026-09-11T23:12:58
jpeg,floorplan,2_1_floorplan,base-prof,1,floorplan_setup,106.9,,3615,3584,-84.892,-66.716,410,118.9,ec3c632bb48bfd979389,0.83,2026-09-10T23:57:51
jpeg,floorplan,2_1_floorplan,base-prof,2,floorplan_setup,107.15,,3615,3584,-84.892,-66.716,410,119.07,ec3c632bb48bfd979389,0.97,2026-09-11T16:12:45
jpeg,floorplan,2_1_floorplan,base-prof,3,floorplan_setup,108.54,,3615,3584,-84.892,-66.716,410,120.63,ec3c632bb48bfd979389,1.00,2026-09-11T16:15:23
jpeg,grt,5_1_grt,base,1,setup_hold,222.07,0.32,2700,2370,-110.195,-102.732,619,331.77,bf18ad0bd58d52295185,0.94,2026-09-10T21:58:47
jpeg,grt,5_1_grt,base,1,post_grt_wns,2.25,,1,0,-104.071,-104.071,607,331.77,bf18ad0bd58d52295185,0.94,2026-09-10T21:58:47
jpeg,grt,5_1_grt,base-p0067,1,setup_hold,197.2,0.32,2700,2370,-110.195,-102.732,619,307.29,bf18ad0bd58d52295185,0.92,2026-09-11T18:33:41
jpeg,grt,5_1_grt,base-p0067,1,post_grt_wns,2.11,,1,0,-104.071,-104.071,607,307.29,bf18ad0bd58d52295185,0.92,2026-09-11T18:33:41
jpeg,grt,5_1_grt,base-p0067,2,setup_hold,195.65,0.32,2700,2370,-110.195,-102.732,619,307.27,bf18ad0bd58d52295185,0.86,2026-09-11T18:42:04
jpeg,grt,5_1_grt,base-p0067,2,post_grt_wns,2.09,,1,0,-104.071,-104.071,607,307.27,bf18ad0bd58d52295185,0.86,2026-09-11T18:42:04
jpeg,grt,5_1_grt,base-p0067,3,setup_hold,195.02,0.32,2700,2370,-110.195,-102.732,619,305.49,bf18ad0bd58d52295185,0.82,2026-09-11T18:50:10
jpeg,grt,5_1_grt,base-p0067,3,post_grt_wns,2.1,,1,0,-104.071,-104.071,607,305.49,bf18ad0bd58d52295185,0.82,2026-09-11T18:50:10
jpeg,grt,5_1_grt,base-p006700680069,1,setup_hold,231.64,0.32,3000,2760,-110.195,-102.732,619,342.65,87c2b5c6c912e6400939,0.93,2026-09-12T01:58:57
jpeg,grt,5_1_grt,base-p006700680069,1,post_grt_wns,2.1,,1,0,-104.071,-104.071,606,342.65,87c2b5c6c912e6400939,0.93,2026-09-12T01:58:57
jpeg,grt,5_1_grt,base-p006700680069,2,setup_hold,226.14,0.32,3000,2760,-110.195,-102.732,619,336.11,8dfc24a95bd492cfb2b2,0.80,2026-09-12T02:07:34
jpeg,grt,5_1_grt,base-p006700680069,2,post_grt_wns,2.1,,1,0,-104.071,-104.071,606,336.11,8dfc24a95bd492cfb2b2,0.80,2026-09-12T02:07:34
jpeg,grt,5_1_grt,base-p006700680069,3,setup_hold,230.19,0.32,3000,2760,-110.195,-102.732,619,340.76,8dfc24a95bd492cfb2b2,1.00,2026-09-12T02:16:15
jpeg,grt,5_1_grt,base-p006700680069,3,post_grt_wns,2.11,,1,0,-104.071,-104.071,606,340.76,8dfc24a95bd492cfb2b2,1.00,2026-09-12T02:16:15
jpeg,grt,5_1_grt,base-p0068,1,setup_hold,218.15,0.32,2700,2370,-110.195,-102.732,619,327.41,bf18ad0bd58d52295185,0.82,2026-09-11T21:19:40
jpeg,grt,5_1_grt,base-p0068,1,post_grt_wns,2.19,,1,0,-104.071,-104.071,607,327.41,bf18ad0bd58d52295185,0.82,2026-09-11T21:19:40
jpeg,grt,5_1_grt,base-p0068,2,setup_hold,217.52,0.32,2700,2370,-110.195,-102.732,619,326.76,bf18ad0bd58d52295185,0.91,2026-09-11T21:28:07
jpeg,grt,5_1_grt,base-p0068,2,post_grt_wns,2.18,,1,0,-104.071,-104.071,607,326.76,bf18ad0bd58d52295185,0.91,2026-09-11T21:28:07
jpeg,grt,5_1_grt,base-p0068,3,setup_hold,218.99,0.32,2700,2370,-110.195,-102.732,619,329.73,bf18ad0bd58d52295185,0.99,2026-09-11T21:36:37
jpeg,grt,5_1_grt,base-p0068,3,post_grt_wns,2.2,,1,0,-104.071,-104.071,607,329.73,bf18ad0bd58d52295185,0.99,2026-09-11T21:36:37
jpeg,grt,5_1_grt,base-p0069,1,setup_hold,255.73,0.32,3000,2760,-110.195,-102.732,619,366.48,8dfc24a95bd492cfb2b2,0.83,2026-09-11T23:40:39
jpeg,grt,5_1_grt,base-p0069,1,post_grt_wns,2.18,,1,0,-104.071,-104.071,606,366.48,8dfc24a95bd492cfb2b2,0.83,2026-09-11T23:40:39
jpeg,grt,5_1_grt,base-p0069,2,setup_hold,250.15,0.32,3000,2760,-110.195,-102.732,619,360.74,8dfc24a95bd492cfb2b2,0.84,2026-09-11T23:49:41
jpeg,grt,5_1_grt,base-p0069,2,post_grt_wns,2.17,,1,0,-104.071,-104.071,606,360.74,8dfc24a95bd492cfb2b2,0.84,2026-09-11T23:49:41
jpeg,grt,5_1_grt,base-p0069,3,setup_hold,250.38,0.32,3000,2760,-110.195,-102.732,619,361.86,8dfc24a95bd492cfb2b2,0.89,2026-09-11T23:58:43
jpeg,grt,5_1_grt,base-p0069,3,post_grt_wns,2.25,,1,0,-104.071,-104.071,606,361.86,8dfc24a95bd492cfb2b2,0.89,2026-09-11T23:58:43
jpeg,grt,5_1_grt,base-prof,1,setup_hold,216.71,0.32,2700,2370,-110.195,-102.732,619,326.1,bf18ad0bd58d52295185,0.92,2026-09-11T00:16:48
jpeg,grt,5_1_grt,base-prof,1,post_grt_wns,2.17,,1,0,-104.071,-104.071,607,326.1,bf18ad0bd58d52295185,0.92,2026-09-11T00:16:48
jpeg,grt,5_1_grt,base-prof,2,setup_hold,226.44,0.32,2700,2370,-110.195,-102.732,619,336.39,bf18ad0bd58d52295185,0.93,2026-09-11T12:13:31
jpeg,grt,5_1_grt,base-prof,2,post_grt_wns,2.25,,1,0,-104.071,-104.071,607,336.39,bf18ad0bd58d52295185,0.93,2026-09-11T12:13:31
jpeg,grt,5_1_grt,base-prof,3,setup_hold,219.79,0.32,2700,2370,-110.195,-102.732,619,332.26,bf18ad0bd58d52295185,0.90,2026-09-11T12:22:19
jpeg,grt,5_1_grt,base-prof,3,post_grt_wns,2.23,,1,0,-104.071,-104.071,607,332.26,bf18ad0bd58d52295185,0.90,2026-09-11T12:22:19
jpeg,grt,5_1_grt,noclone-prof,1,setup_hold,246.38,0.32,2900,2060,-110.195,-101.986,619,356.72,726ea445b4d0ebd66304,0.97,2026-09-11T13:43:38
jpeg,grt,5_1_grt,noclone-prof,1,post_grt_wns,2.2,,1,0,-103.284,-103.284,610,356.72,726ea445b4d0ebd66304,0.97,2026-09-11T13:43:38
jpeg,grt,5_1_grt,noclone-prof,2,setup_hold,248.28,0.32,2900,2060,-110.195,-101.986,619,359.46,c5c85e78c1260c582478,0.90,2026-09-11T13:52:38
jpeg,grt,5_1_grt,noclone-prof,2,post_grt_wns,2.2,,1,0,-103.284,-103.284,610,359.46,c5c85e78c1260c582478,0.90,2026-09-11T13:52:38
jpeg,grt,5_1_grt,noclone-prof,3,setup_hold,252.36,0.32,2900,2060,-110.195,-101.986,619,363.56,c5c85e78c1260c582478,0.94,2026-09-11T14:01:42
jpeg,grt,5_1_grt,noclone-prof,3,post_grt_wns,2.21,,1,0,-103.284,-103.284,610,363.56,c5c85e78c1260c582478,0.94,2026-09-11T14:01:42
jpeg,grt,5_1_grt,nogasp-prof,1,setup_hold,182.76,0.32,2500,2370,-110.195,-102.732,619,293.90999999999997,6ce0f87a6da941d5e488,0.98,2026-09-11T13:19:07
jpeg,grt,5_1_grt,nogasp-prof,1,post_grt_wns,2.19,,1,0,-104.063,-104.063,608,293.90999999999997,6ce0f87a6da941d5e488,0.98,2026-09-11T13:19:07
jpeg,grt,5_1_grt,nogasp-prof,2,setup_hold,182.96,0.31,2500,2370,-110.195,-102.732,619,293.82,6ce0f87a6da941d5e488,0.81,2026-09-11T13:27:02
jpeg,grt,5_1_grt,nogasp-prof,2,post_grt_wns,2.19,,1,0,-104.063,-104.063,608,293.82,6ce0f87a6da941d5e488,0.81,2026-09-11T13:27:02
jpeg,grt,5_1_grt,nogasp-prof,3,setup_hold,182.56,0.31,2500,2370,-110.195,-102.732,619,293.5,6ce0f87a6da941d5e488,0.80,2026-09-11T13:34:56
jpeg,grt,5_1_grt,nogasp-prof,3,post_grt_wns,2.17,,1,0,-104.063,-104.063,608,293.5,6ce0f87a6da941d5e488,0.80,2026-09-11T13:34:56
jpeg,grt,5_1_grt,nopostwns-prof,1,setup_hold,219.78,0.32,2700,2370,-110.195,-102.732,619,328.54,6003ad129983befcd713,0.97,2026-09-11T15:39:23
jpeg,grt,5_1_grt,nopostwns-prof,2,setup_hold,216.29,0.32,2700,2370,-110.195,-102.732,619,324.92,0182b7abff8eea3d3492,0.85,2026-09-11T15:47:48
jpeg,grt,5_1_grt,nopostwns-prof,3,setup_hold,218.9,0.32,2700,2370,-110.195,-102.732,619,328.0,6003ad129983befcd713,0.95,2026-09-11T15:56:02
jpeg,grt,5_1_grt,nounbuf-prof,1,setup_hold,186.54,0.31,2500,2210,-110.195,-102.732,619,296.99,49c3185dba04f5853a15,0.78,2026-09-11T14:09:40
jpeg,grt,5_1_grt,nounbuf-prof,1,post_grt_wns,2.23,,1,0,-104.472,-104.472,610,296.99,49c3185dba04f5853a15,0.78,2026-09-11T14:09:40
jpeg,grt,5_1_grt,nounbuf-prof,2,setup_hold,187.34,0.32,2500,2210,-110.195,-102.732,619,297.56,49c3185dba04f5853a15,0.87,2026-09-11T14:17:38
jpeg,grt,5_1_grt,nounbuf-prof,2,post_grt_wns,2.2,,1,0,-104.472,-104.472,610,297.56,49c3185dba04f5853a15,0.87,2026-09-11T14:17:38
jpeg,grt,5_1_grt,nounbuf-prof,3,setup_hold,187.92,0.32,2500,2210,-110.195,-102.732,619,298.87,49c3185dba04f5853a15,0.98,2026-09-11T14:25:22
jpeg,grt,5_1_grt,nounbuf-prof,3,post_grt_wns,2.2,,1,0,-104.472,-104.472,610,298.87,49c3185dba04f5853a15,0.98,2026-09-11T14:25:22
jpeg,grt,5_1_grt,tns20-prof,1,setup_hold,217.1,0.32,2700,2370,-110.195,-102.732,619,328.44,bf18ad0bd58d52295185,0.89,2026-09-11T12:30:48
jpeg,grt,5_1_grt,tns20-prof,1,post_grt_wns,2.21,,1,0,-104.071,-104.071,607,328.44,bf18ad0bd58d52295185,0.89,2026-09-11T12:30:48
jpeg,grt,5_1_grt,tns20-prof,2,setup_hold,224.91,0.32,2700,2370,-110.195,-102.732,619,336.40999999999997,bf18ad0bd58d52295185,0.97,2026-09-11T12:39:25
jpeg,grt,5_1_grt,tns20-prof,2,post_grt_wns,2.18,,1,0,-104.071,-104.071,607,336.40999999999997,bf18ad0bd58d52295185,0.97,2026-09-11T12:39:25
jpeg,grt,5_1_grt,tns5-prof,1,setup_hold,110.15,0.32,1200,950,-110.195,-102.732,619,219.9,6c362e259efa9eaff469,0.80,2026-09-11T12:58:21
jpeg,grt,5_1_grt,tns5-prof,1,post_grt_wns,2.19,,1,0,-103.967,-103.967,612,219.9,6c362e259efa9eaff469,0.80,2026-09-11T12:58:21
jpeg,grt,5_1_grt,tns5-prof,2,setup_hold,110.25,0.32,1200,950,-110.195,-102.732,619,220.6,6c362e259efa9eaff469,0.81,2026-09-11T13:05:03
jpeg,grt,5_1_grt,tns5-prof,2,post_grt_wns,2.18,,1,0,-103.967,-103.967,612,220.6,6c362e259efa9eaff469,0.81,2026-09-11T13:05:03
jpeg,grt,5_1_grt,tns5-prof,3,setup_hold,110.23,0.31,1200,950,-110.195,-102.732,619,219.69,6c362e259efa9eaff469,0.95,2026-09-11T13:11:28
jpeg,grt,5_1_grt,tns5-prof,3,post_grt_wns,2.17,,1,0,-103.967,-103.967,612,219.69,6c362e259efa9eaff469,0.95,2026-09-11T13:11:28
jpeg_lvt,cts,4_1_cts,base,1,setup_hold,1.62,0.31,0,,,,,31.86,e7adc973d7ce821e00c2,0.89,2026-09-10T22:02:42
jpeg_lvt,floorplan,2_1_floorplan,base,1,floorplan_setup,0.36,,0,,,,,12.41,e90ce24809fd3089783b,0.82,2026-09-10T22:02:09
jpeg_lvt,grt,5_1_grt,base,1,setup_hold,1.35,0.46,0,,,,,86.89,0714b114d977ef39de5c,0.80,2026-09-10T22:05:25
jpeg_lvt,grt,5_1_grt,base,1,post_grt_wns,1.3,,0,,,,,86.89,0714b114d977ef39de5c,0.80,2026-09-10T22:05:25
mock-alu,cts,4_1_cts,base,1,setup_hold,61.21,0.03,1488,1095,-294.849,-275.769,526,72.57,355e96339e1a2cf11c1e,0.89,2026-09-10T21:20:44
mock-alu,cts,4_1_cts,base-p0067,1,setup_hold,56.31,0.03,1488,1095,-294.849,-275.769,526,67.75,355e96339e1a2cf11c1e,0.88,2026-09-11T17:05:53
mock-alu,cts,4_1_cts,base-p0067,2,setup_hold,56.32,0.03,1488,1095,-294.849,-275.769,526,67.83,355e96339e1a2cf11c1e,0.82,2026-09-11T17:08:31
mock-alu,cts,4_1_cts,base-p0067,3,setup_hold,56.55,0.03,1488,1095,-294.849,-275.769,526,68.12,355e96339e1a2cf11c1e,0.94,2026-09-11T17:10:25
mock-alu,cts,4_1_cts,base-p006700680069,1,setup_hold,55.1,0.03,1488,1095,-294.849,-275.769,526,66.44,355e96339e1a2cf11c1e,0.95,2026-09-12T00:32:33
mock-alu,cts,4_1_cts,base-p006700680069,2,setup_hold,55.86,0.03,1488,1095,-294.849,-275.769,526,67.39,355e96339e1a2cf11c1e,0.97,2026-09-12T00:34:11
mock-alu,cts,4_1_cts,base-p006700680069,3,setup_hold,55.05,0.03,1488,1095,-294.849,-275.769,526,66.48,355e96339e1a2cf11c1e,0.99,2026-09-12T00:36:03
mock-alu,cts,4_1_cts,base-p0068,1,setup_hold,61.88,0.04,1488,1095,-294.849,-275.769,526,73.46000000000001,355e96339e1a2cf11c1e,0.81,2026-09-11T19:44:28
mock-alu,cts,4_1_cts,base-p0068,2,setup_hold,61.97,0.03,1488,1095,-294.849,-275.769,526,73.57,355e96339e1a2cf11c1e,0.90,2026-09-11T19:45:57
mock-alu,cts,4_1_cts,base-p0068,3,setup_hold,61.74,0.03,1488,1095,-294.849,-275.769,526,73.24,355e96339e1a2cf11c1e,0.94,2026-09-11T19:48:26
mock-alu,cts,4_1_cts,base-p0069,1,setup_hold,63.18,0.03,1488,1095,-294.849,-275.769,526,74.71000000000001,355e96339e1a2cf11c1e,0.81,2026-09-11T22:09:31
mock-alu,cts,4_1_cts,base-p0069,2,setup_hold,61.39,0.03,1488,1095,-294.849,-275.769,526,72.73,355e96339e1a2cf11c1e,0.80,2026-09-11T22:11:44
mock-alu,cts,4_1_cts,base-p0069,3,setup_hold,60.86,0.03,1488,1095,-294.849,-275.769,526,72.19,355e96339e1a2cf11c1e,0.90,2026-09-11T22:13:27
mock-alu,cts,4_1_cts,base-prof,1,setup_hold,61.34,0.03,1488,1095,-294.849,-275.769,526,72.8,355e96339e1a2cf11c1e,0.79,2026-09-11T00:25:22
mock-alu,cts,4_1_cts,base-prof,2,setup_hold,61.44,0.03,1488,1095,-294.849,-275.769,526,72.86,355e96339e1a2cf11c1e,0.93,2026-09-11T05:10:30
mock-alu,cts,4_1_cts,base-prof,3,setup_hold,61.61,0.03,1488,1095,-294.849,-275.769,526,73.18,355e96339e1a2cf11c1e,0.82,2026-09-11T05:13:14
mock-alu,cts,4_1_cts,footprint-prof,1,setup_hold,61.97,0.03,1488,1095,-294.849,-275.769,526,73.46000000000001,355e96339e1a2cf11c1e,0.92,2026-09-11T05:49:33
mock-alu,cts,4_1_cts,footprint-prof,2,setup_hold,61.92,0.03,1488,1095,-294.849,-275.769,526,73.58,355e96339e1a2cf11c1e,0.86,2026-09-11T05:51:47
mock-alu,cts,4_1_cts,footprint-prof,3,setup_hold,62.52,0.03,1488,1095,-294.849,-275.769,526,74.09,355e96339e1a2cf11c1e,0.81,2026-09-11T05:54:16
mock-alu,cts,4_1_cts,noclone-prof,1,setup_hold,62.03,0.03,1654,1266,-294.849,-270.987,526,73.58,a447da462ef7d7a5acda,0.89,2026-09-11T05:34:34
mock-alu,cts,4_1_cts,noclone-prof,2,setup_hold,62.27,0.03,1654,1266,-294.849,-270.987,526,73.96000000000001,a447da462ef7d7a5acda,0.94,2026-09-11T05:36:48
mock-alu,cts,4_1_cts,noclone-prof,3,setup_hold,61.05,0.03,1654,1266,-294.849,-270.987,526,72.65,a447da462ef7d7a5acda,0.84,2026-09-11T05:39:01
mock-alu,cts,4_1_cts,nogasp-prof,1,setup_hold,49.6,0.03,1300,1095,-294.849,-276.912,526,61.21,d23e5e84fa22c76bf128,0.87,2026-09-11T05:28:46
mock-alu,cts,4_1_cts,nogasp-prof,2,setup_hold,49.54,0.03,1300,1095,-294.849,-276.912,526,61.18,d23e5e84fa22c76bf128,0.80,2026-09-11T05:30:32
mock-alu,cts,4_1_cts,nogasp-prof,3,setup_hold,50.22,0.03,1300,1095,-294.849,-276.912,526,61.84,d23e5e84fa22c76bf128,0.92,2026-09-11T05:32:20
mock-alu,cts,4_1_cts,nounbuf-prof,1,setup_hold,63.59,0.03,1698,1493,-294.849,-275.769,526,75.15,e508dd5d5c7a0b1df3a8,0.95,2026-09-11T05:41:32
mock-alu,cts,4_1_cts,nounbuf-prof,2,setup_hold,63.99,0.04,1698,1493,-294.849,-275.769,526,75.65,e508dd5d5c7a0b1df3a8,0.86,2026-09-11T05:43:48
mock-alu,cts,4_1_cts,nounbuf-prof,3,setup_hold,63.59,0.03,1698,1493,-294.849,-275.769,526,75.22,e508dd5d5c7a0b1df3a8,0.90,2026-09-11T05:46:34
mock-alu,cts,4_1_cts,tns20-prof,1,setup_hold,60.72,0.03,1200,952,-294.849,-275.769,526,72.21000000000001,494c52a8efefb0b22eb9,0.80,2026-09-11T05:14:56
mock-alu,cts,4_1_cts,tns20-prof,2,setup_hold,61.95,0.03,1200,952,-294.849,-275.769,526,73.53999999999999,494c52a8efefb0b22eb9,0.79,2026-09-11T05:17:40
mock-alu,cts,4_1_cts,tns20-prof,3,setup_hold,62.26,0.03,1200,952,-294.849,-275.769,526,73.87,494c52a8efefb0b22eb9,0.95,2026-09-11T05:20:25
mock-alu,cts,4_1_cts,tns5-prof,1,setup_hold,59.49,0.03,1042,320,-294.849,-275.789,526,71.07,61bcd0930b5ef9e53096,0.79,2026-09-11T05:22:51
mock-alu,cts,4_1_cts,tns5-prof,2,setup_hold,59.32,0.03,1042,320,-294.849,-275.789,526,70.84,61bcd0930b5ef9e53096,1.00,2026-09-11T05:24:48
mock-alu,cts,4_1_cts,tns5-prof,3,setup_hold,59.34,0.03,1042,320,-294.849,-275.789,526,70.93,61bcd0930b5ef9e53096,0.84,2026-09-11T05:27:14
mock-alu,floorplan,2_1_floorplan,base,1,floorplan_setup,28.01,,1300,1056,-1595.866,-1367.762,1121,31.06,9c04717fcac71859d38c,0.79,2026-09-10T21:19:30
mock-alu,floorplan,2_1_floorplan,base-p0067,1,floorplan_setup,18.0,,1300,1056,-1595.866,-1367.762,1121,21.08,9c04717fcac71859d38c,0.94,2026-09-11T17:00:26
mock-alu,floorplan,2_1_floorplan,base-p0067,2,floorplan_setup,18.32,,1300,1056,-1595.866,-1367.762,1121,21.42,9c04717fcac71859d38c,0.92,2026-09-11T17:01:23
mock-alu,floorplan,2_1_floorplan,base-p0067,3,floorplan_setup,18.38,,1300,1056,-1595.866,-1367.762,1121,21.5,9c04717fcac71859d38c,0.96,2026-09-11T17:01:51
mock-alu,floorplan,2_1_floorplan,base-p006700680069,1,floorplan_setup,17.99,,1300,1056,-1595.866,-1367.762,1121,21.05,9c04717fcac71859d38c,1.00,2026-09-12T00:25:53
mock-alu,floorplan,2_1_floorplan,base-p006700680069,2,floorplan_setup,18.01,,1300,1056,-1595.866,-1367.762,1121,21.1,9c04717fcac71859d38c,0.90,2026-09-12T00:27:36
mock-alu,floorplan,2_1_floorplan,base-p006700680069,3,floorplan_setup,18.18,,1300,1056,-1595.866,-1367.762,1121,21.26,9c04717fcac71859d38c,0.85,2026-09-12T00:28:48
mock-alu,floorplan,2_1_floorplan,base-p0068,1,floorplan_setup,27.46,,1300,1056,-1595.866,-1367.762,1121,30.56,9c04717fcac71859d38c,0.92,2026-09-11T19:37:43
mock-alu,floorplan,2_1_floorplan,base-p0068,2,floorplan_setup,27.27,,1300,1056,-1595.866,-1367.762,1121,30.37,9c04717fcac71859d38c,0.78,2026-09-11T19:38:34
mock-alu,floorplan,2_1_floorplan,base-p0068,3,floorplan_setup,28.05,,1300,1056,-1595.866,-1367.762,1121,31.17,9c04717fcac71859d38c,0.98,2026-09-11T19:40:12
mock-alu,floorplan,2_1_floorplan,base-p0069,1,floorplan_setup,27.91,,1300,1056,-1595.866,-1367.762,1121,31.0,9c04717fcac71859d38c,0.94,2026-09-11T22:03:59
mock-alu,floorplan,2_1_floorplan,base-p0069,2,floorplan_setup,28.01,,1300,1056,-1595.866,-1367.762,1121,31.08,9c04717fcac71859d38c,0.80,2026-09-11T22:05:06
mock-alu,floorplan,2_1_floorplan,base-p0069,3,floorplan_setup,27.49,,1300,1056,-1595.866,-1367.762,1121,30.58,9c04717fcac71859d38c,0.92,2026-09-11T22:06:28
mock-alu,floorplan,2_1_floorplan,base-prof,1,floorplan_setup,27.32,,1300,1056,-1595.866,-1367.762,1121,30.39,9c04717fcac71859d38c,0.96,2026-09-11T00:20:37
mock-alu,floorplan,2_1_floorplan,base-prof,2,floorplan_setup,28.13,,1300,1056,-1595.866,-1367.762,1121,31.26,9c04717fcac71859d38c,0.89,2026-09-11T16:04:04
mock-alu,floorplan,2_1_floorplan,base-prof,3,floorplan_setup,27.83,,1300,1056,-1595.866,-1367.762,1121,30.94,9c04717fcac71859d38c,0.78,2026-09-11T16:05:12
mock-alu,grt,5_1_grt,base,1,setup_hold,89.3,0.07,1400,1214,-297.59,-287.187,342,125.04,75486caa4ea177965096,0.93,2026-09-10T21:23:35
mock-alu,grt,5_1_grt,base,1,post_grt_wns,0.93,,1,0,-290.939,-290.939,137,125.04,75486caa4ea177965096,0.93,2026-09-10T21:23:35
mock-alu,grt,5_1_grt,base-p0067,1,setup_hold,83.64,0.08,1400,1214,-297.59,-287.187,342,118.35,96746f36d5389e0c2d89,0.92,2026-09-11T17:15:06
mock-alu,grt,5_1_grt,base-p0067,1,post_grt_wns,0.9,,1,0,-290.939,-290.939,137,118.35,96746f36d5389e0c2d89,0.92,2026-09-11T17:15:06
mock-alu,grt,5_1_grt,base-p0067,2,setup_hold,83.57,0.08,1400,1214,-297.59,-287.187,342,118.49000000000001,056a6c028a08354f062d,0.80,2026-09-11T17:20:35
mock-alu,grt,5_1_grt,base-p0067,2,post_grt_wns,0.83,,1,0,-290.939,-290.939,137,118.49000000000001,056a6c028a08354f062d,0.80,2026-09-11T17:20:35
mock-alu,grt,5_1_grt,base-p0067,3,setup_hold,84.25,0.08,1400,1214,-297.59,-287.187,342,119.97,96746f36d5389e0c2d89,0.84,2026-09-11T17:25:51
mock-alu,grt,5_1_grt,base-p0067,3,post_grt_wns,0.93,,1,0,-290.939,-290.939,137,119.97,96746f36d5389e0c2d89,0.84,2026-09-11T17:25:51
mock-alu,grt,5_1_grt,base-p006700680069,1,setup_hold,82.68,0.08,1400,1214,-297.59,-287.187,342,117.82,056a6c028a08354f062d,0.95,2026-09-12T00:40:43
mock-alu,grt,5_1_grt,base-p006700680069,1,post_grt_wns,0.87,,1,0,-290.939,-290.939,137,117.82,056a6c028a08354f062d,0.95,2026-09-12T00:40:43
mock-alu,grt,5_1_grt,base-p006700680069,2,setup_hold,82.58,0.08,1400,1214,-297.59,-287.187,342,117.96000000000001,056a6c028a08354f062d,0.90,2026-09-12T00:45:42
mock-alu,grt,5_1_grt,base-p006700680069,2,post_grt_wns,0.93,,1,0,-290.939,-290.939,137,117.96000000000001,056a6c028a08354f062d,0.90,2026-09-12T00:45:42
mock-alu,grt,5_1_grt,base-p006700680069,3,setup_hold,82.9,0.08,1400,1214,-297.59,-287.187,342,118.32,056a6c028a08354f062d,0.79,2026-09-12T00:50:55
mock-alu,grt,5_1_grt,base-p006700680069,3,post_grt_wns,0.88,,1,0,-290.939,-290.939,137,118.32,056a6c028a08354f062d,0.79,2026-09-12T00:50:55
mock-alu,grt,5_1_grt,base-p0068,1,setup_hold,89.16,0.08,1400,1214,-297.59,-287.187,342,124.7,96746f36d5389e0c2d89,0.85,2026-09-11T19:53:50
mock-alu,grt,5_1_grt,base-p0068,1,post_grt_wns,0.91,,1,0,-290.939,-290.939,137,124.7,96746f36d5389e0c2d89,0.85,2026-09-11T19:53:50
mock-alu,grt,5_1_grt,base-p0068,2,setup_hold,89.32,0.08,1400,1214,-297.59,-287.187,342,124.84,056a6c028a08354f062d,0.83,2026-09-11T19:59:25
mock-alu,grt,5_1_grt,base-p0068,2,post_grt_wns,0.89,,1,0,-290.939,-290.939,137,124.84,056a6c028a08354f062d,0.83,2026-09-11T19:59:25
mock-alu,grt,5_1_grt,base-p0068,3,setup_hold,88.74,0.08,1400,1214,-297.59,-287.187,342,124.46,056a6c028a08354f062d,0.88,2026-09-11T20:04:45
mock-alu,grt,5_1_grt,base-p0068,3,post_grt_wns,0.9,,1,0,-290.939,-290.939,137,124.46,056a6c028a08354f062d,0.88,2026-09-11T20:04:45
mock-alu,grt,5_1_grt,base-p0069,1,setup_hold,90.76,0.07,1400,1214,-297.59,-287.187,342,126.77,056a6c028a08354f062d,0.96,2026-09-11T22:17:23
mock-alu,grt,5_1_grt,base-p0069,1,post_grt_wns,0.93,,1,0,-290.939,-290.939,137,126.77,056a6c028a08354f062d,0.96,2026-09-11T22:17:23
mock-alu,grt,5_1_grt,base-p0069,2,setup_hold,88.19,0.07,1400,1214,-297.59,-287.187,342,122.77,056a6c028a08354f062d,0.92,2026-09-11T22:22:27
mock-alu,grt,5_1_grt,base-p0069,2,post_grt_wns,0.91,,1,0,-290.939,-290.939,137,122.77,056a6c028a08354f062d,0.92,2026-09-11T22:22:27
mock-alu,grt,5_1_grt,base-p0069,3,setup_hold,90.89,0.08,1400,1214,-297.59,-287.187,342,126.3,056a6c028a08354f062d,0.89,2026-09-11T22:27:33
mock-alu,grt,5_1_grt,base-p0069,3,post_grt_wns,0.9,,1,0,-290.939,-290.939,137,126.3,056a6c028a08354f062d,0.89,2026-09-11T22:27:33
mock-alu,grt,5_1_grt,base-prof,1,setup_hold,89.2,0.07,1400,1214,-297.59,-287.187,342,124.34,056a6c028a08354f062d,0.91,2026-09-11T00:29:29
mock-alu,grt,5_1_grt,base-prof,1,post_grt_wns,0.88,,1,0,-290.939,-290.939,137,124.34,056a6c028a08354f062d,0.91,2026-09-11T00:29:29
mock-alu,grt,5_1_grt,base-prof,2,setup_hold,90.0,0.08,1400,1214,-297.59,-287.187,342,125.29,056a6c028a08354f062d,0.99,2026-09-11T05:58:25
mock-alu,grt,5_1_grt,base-prof,2,post_grt_wns,0.83,,1,0,-290.939,-290.939,137,125.29,056a6c028a08354f062d,0.99,2026-09-11T05:58:25
mock-alu,grt,5_1_grt,base-prof,3,setup_hold,89.7,0.08,1400,1214,-297.59,-287.187,342,125.04,056a6c028a08354f062d,0.99,2026-09-11T06:03:31
mock-alu,grt,5_1_grt,base-prof,3,post_grt_wns,0.89,,1,0,-290.939,-290.939,137,125.04,056a6c028a08354f062d,0.99,2026-09-11T06:03:31
mock-alu,grt,5_1_grt,noclone-prof,1,setup_hold,87.62,0.08,1385,1188,-297.59,-290.079,342,123.19,f946ebbfc22bb906a3b7,0.91,2026-09-11T06:54:37
mock-alu,grt,5_1_grt,noclone-prof,1,post_grt_wns,0.94,,1,0,-291.268,-291.268,137,123.19,f946ebbfc22bb906a3b7,0.91,2026-09-11T06:54:37
mock-alu,grt,5_1_grt,noclone-prof,2,setup_hold,87.07,0.08,1385,1188,-297.59,-290.079,342,122.6,f946ebbfc22bb906a3b7,0.99,2026-09-11T06:59:40
mock-alu,grt,5_1_grt,noclone-prof,2,post_grt_wns,0.91,,1,0,-291.268,-291.268,137,122.6,f946ebbfc22bb906a3b7,0.99,2026-09-11T06:59:40
mock-alu,grt,5_1_grt,noclone-prof,3,setup_hold,85.89,0.08,1385,1188,-297.59,-290.079,342,121.03,f946ebbfc22bb906a3b7,0.81,2026-09-11T07:04:57
mock-alu,grt,5_1_grt,noclone-prof,3,post_grt_wns,0.89,,1,0,-291.268,-291.268,137,121.03,f946ebbfc22bb906a3b7,0.81,2026-09-11T07:04:57
mock-alu,grt,5_1_grt,nogasp-prof,1,setup_hold,77.48,0.08,1252,1214,-297.59,-287.187,342,112.99000000000001,0b855d25c3146c692a04,0.94,2026-09-11T06:39:32
mock-alu,grt,5_1_grt,nogasp-prof,1,post_grt_wns,0.9,,1,0,-290.939,-290.939,137,112.99000000000001,0b855d25c3146c692a04,0.94,2026-09-11T06:39:32
mock-alu,grt,5_1_grt,nogasp-prof,2,setup_hold,77.35,0.08,1252,1214,-297.59,-287.187,342,112.75999999999999,0b855d25c3146c692a04,0.80,2026-09-11T06:44:40
mock-alu,grt,5_1_grt,nogasp-prof,2,post_grt_wns,0.94,,1,0,-290.939,-290.939,137,112.75999999999999,0b855d25c3146c692a04,0.80,2026-09-11T06:44:40
mock-alu,grt,5_1_grt,nogasp-prof,3,setup_hold,77.19,0.08,1252,1214,-297.59,-287.187,342,112.39,0b855d25c3146c692a04,0.94,2026-09-11T06:49:33
mock-alu,grt,5_1_grt,nogasp-prof,3,post_grt_wns,0.85,,1,0,-290.939,-290.939,137,112.39,0b855d25c3146c692a04,0.94,2026-09-11T06:49:33
mock-alu,grt,5_1_grt,nopostwns-prof,1,setup_hold,89.8,0.08,1400,1214,-297.59,-287.187,342,124.18,9d8d679c2d34fae6ff75,0.96,2026-09-11T15:05:54
mock-alu,grt,5_1_grt,nopostwns-prof,2,setup_hold,89.61,0.08,1400,1214,-297.59,-287.187,342,124.41,9d8d679c2d34fae6ff75,0.88,2026-09-11T15:10:59
mock-alu,grt,5_1_grt,nopostwns-prof,3,setup_hold,89.12,0.08,1400,1214,-297.59,-287.187,342,123.73,f3777c85f5b0bd32c9e5,0.79,2026-09-11T15:16:33
mock-alu,grt,5_1_grt,nounbuf-prof,1,setup_hold,87.69,0.08,1376,1176,-297.59,-289.769,342,123.32,de0534be491b6f4c59e7,0.92,2026-09-11T07:10:00
mock-alu,grt,5_1_grt,nounbuf-prof,1,post_grt_wns,0.9,,1,0,-291.898,-291.898,137,123.32,de0534be491b6f4c59e7,0.92,2026-09-11T07:10:00
mock-alu,grt,5_1_grt,nounbuf-prof,2,setup_hold,87.08,0.08,1376,1176,-297.59,-289.769,342,121.99,de0534be491b6f4c59e7,0.83,2026-09-11T07:15:03
mock-alu,grt,5_1_grt,nounbuf-prof,2,post_grt_wns,0.91,,1,0,-291.898,-291.898,137,121.99,de0534be491b6f4c59e7,0.83,2026-09-11T07:15:03
mock-alu,grt,5_1_grt,nounbuf-prof,3,setup_hold,89.22,0.08,1376,1176,-297.59,-289.769,342,124.7,de0534be491b6f4c59e7,0.95,2026-09-11T07:20:23
mock-alu,grt,5_1_grt,nounbuf-prof,3,post_grt_wns,0.95,,1,0,-291.898,-291.898,137,124.7,de0534be491b6f4c59e7,0.95,2026-09-11T07:20:23
mock-alu,grt,5_1_grt,tns20-prof,1,setup_hold,117.23,0.08,1074,75,-297.59,-287.187,342,152.38,f370c4c080e23991782a,0.85,2026-09-11T06:09:19
mock-alu,grt,5_1_grt,tns20-prof,1,post_grt_wns,0.91,,1,0,-290.939,-290.939,271,152.38,f370c4c080e23991782a,0.85,2026-09-11T06:09:19
mock-alu,grt,5_1_grt,tns20-prof,2,setup_hold,117.79,0.08,1074,75,-297.59,-287.187,342,153.29,f370c4c080e23991782a,0.89,2026-09-11T06:14:53
mock-alu,grt,5_1_grt,tns20-prof,2,post_grt_wns,0.84,,1,0,-290.939,-290.939,271,153.29,f370c4c080e23991782a,0.89,2026-09-11T06:14:53
mock-alu,grt,5_1_grt,tns20-prof,3,setup_hold,117.25,0.08,1074,75,-297.59,-287.187,342,152.31,f370c4c080e23991782a,0.99,2026-09-11T06:20:25
mock-alu,grt,5_1_grt,tns20-prof,3,post_grt_wns,0.92,,1,0,-290.939,-290.939,271,152.31,f370c4c080e23991782a,0.99,2026-09-11T06:20:25
mock-alu,grt,5_1_grt,tns5-prof,1,setup_hold,84.43,0.08,654,75,-297.59,-287.187,342,119.75,ea9ae2012e1078d73503,0.85,2026-09-11T06:25:41
mock-alu,grt,5_1_grt,tns5-prof,1,post_grt_wns,0.93,,1,0,-290.934,-290.934,260,119.75,ea9ae2012e1078d73503,0.85,2026-09-11T06:25:41
mock-alu,grt,5_1_grt,tns5-prof,2,setup_hold,82.73,0.08,654,75,-297.59,-287.187,342,117.77000000000001,ea9ae2012e1078d73503,0.98,2026-09-11T06:30:24
mock-alu,grt,5_1_grt,tns5-prof,2,post_grt_wns,0.87,,1,0,-290.934,-290.934,260,117.77000000000001,ea9ae2012e1078d73503,0.98,2026-09-11T06:30:24
mock-alu,grt,5_1_grt,tns5-prof,3,setup_hold,84.26,0.08,654,75,-297.59,-287.187,342,119.33,b5a4c5a14659734d0398,0.98,2026-09-11T06:34:54
mock-alu,grt,5_1_grt,tns5-prof,3,post_grt_wns,0.94,,1,0,-290.934,-290.934,260,119.33,b5a4c5a14659734d0398,0.98,2026-09-11T06:34:54
mock-cpu,cts,4_1_cts,base,1,setup_hold,3.59,0.29,8,5,-5.999,0.745,4,29.23,f76a95f6294ca764ea2a,0.98,2026-09-10T22:24:24
mock-cpu,floorplan,2_1_floorplan,base,1,floorplan_setup,0.59,,0,,,,,7.83,7110d28b2b69be0693ff,0.97,2026-09-10T22:23:53
mock-cpu,grt,5_1_grt,base,1,setup_hold,3.44,0.41,4,4,-9.081,8.106,1,131.17,de7bc0911c241f8788cb,0.95,2026-09-10T22:26:51
mock-cpu,grt,5_1_grt,base,1,post_grt_wns,1.7,,0,,,,,131.17,de7bc0911c241f8788cb,0.95,2026-09-10T22:26:51
riscv32i,cts,4_1_cts,base,1,setup_hold,39.62,0.03,1181,306,-45.449,0.521,964,52.51,f756b2a7810afd7984ce,0.81,2026-09-10T22:32:52
riscv32i,cts,4_1_cts,base-p0067,1,setup_hold,30.56,0.03,1181,306,-45.449,0.521,964,43.29,f756b2a7810afd7984ce,0.89,2026-09-11T16:25:32
riscv32i,cts,4_1_cts,base-p0067,2,setup_hold,30.7,0.03,1181,306,-45.449,0.521,964,43.5,f756b2a7810afd7984ce,0.98,2026-09-11T16:27:46
riscv32i,cts,4_1_cts,base-p0067,3,setup_hold,30.4,0.03,1181,306,-45.449,0.521,964,43.09,f756b2a7810afd7984ce,0.81,2026-09-11T16:30:15
riscv32i,cts,4_1_cts,base-p006700680069,1,setup_hold,24.33,0.03,600,222,-47.733,0.978,990,36.73,205d57e8a24e31a1b00a,0.85,2026-09-12T00:11:10
riscv32i,cts,4_1_cts,base-p006700680069,2,setup_hold,24.23,0.03,600,222,-47.733,0.978,990,36.65,205d57e8a24e31a1b00a,0.97,2026-09-12T00:12:02
riscv32i,cts,4_1_cts,base-p006700680069,3,setup_hold,24.29,0.03,600,222,-47.733,0.978,990,36.54,205d57e8a24e31a1b00a,0.88,2026-09-12T00:13:24
riscv32i,cts,4_1_cts,base-p0068,1,setup_hold,39.08,0.03,1181,306,-45.449,0.521,964,51.87,f756b2a7810afd7984ce,0.87,2026-09-11T19:03:41
riscv32i,cts,4_1_cts,base-p0068,2,setup_hold,38.36,0.03,1181,306,-45.449,0.521,964,51.21,f756b2a7810afd7984ce,0.90,2026-09-11T19:04:48
riscv32i,cts,4_1_cts,base-p0068,3,setup_hold,39.67,0.03,1181,306,-45.449,0.521,964,52.56,f756b2a7810afd7984ce,0.84,2026-09-11T19:07:11
riscv32i,cts,4_1_cts,base-p0069,1,setup_hold,27.51,0.03,600,222,-47.733,0.978,990,39.86,205d57e8a24e31a1b00a,0.97,2026-09-11T21:49:32
riscv32i,cts,4_1_cts,base-p0069,2,setup_hold,27.65,0.03,600,222,-47.733,0.978,990,40.02,205d57e8a24e31a1b00a,1.00,2026-09-11T21:50:28
riscv32i,cts,4_1_cts,base-p0069,3,setup_hold,27.45,0.03,600,222,-47.733,0.978,990,39.86,205d57e8a24e31a1b00a,0.79,2026-09-11T21:52:08
riscv32i,cts,4_1_cts,base-prof,1,setup_hold,38.02,0.03,1181,306,-45.449,0.521,964,50.74,f756b2a7810afd7984ce,0.84,2026-09-10T23:43:11
riscv32i,cts,4_1_cts,base-prof,2,setup_hold,40.19,0.03,1181,306,-45.449,0.521,964,53.1,f756b2a7810afd7984ce,0.79,2026-09-11T01:57:04
riscv32i,cts,4_1_cts,base-prof,3,setup_hold,40.35,0.03,1181,306,-45.449,0.521,964,53.26,f756b2a7810afd7984ce,0.91,2026-09-11T01:59:27
riscv32i,cts,4_1_cts,footprint-prof,1,setup_hold,40.28,0.03,1181,306,-45.449,0.521,964,53.2,f756b2a7810afd7984ce,0.94,2026-09-11T02:30:02
riscv32i,cts,4_1_cts,footprint-prof,2,setup_hold,39.95,0.03,1181,306,-45.449,0.521,964,52.83,f756b2a7810afd7984ce,0.93,2026-09-11T02:31:25
riscv32i,cts,4_1_cts,footprint-prof,3,setup_hold,39.47,0.03,1181,306,-45.449,0.521,964,52.23,f756b2a7810afd7984ce,0.85,2026-09-11T02:33:33
riscv32i,cts,4_1_cts,noclone-prof,1,setup_hold,36.06,0.03,1150,458,-45.449,-0.543,964,49.0,2490b8e8ac451e88786f,0.95,2026-09-11T02:18:20
riscv32i,cts,4_1_cts,noclone-prof,2,setup_hold,36.36,0.03,1150,458,-45.449,-0.543,964,49.29,2490b8e8ac451e88786f,0.80,2026-09-11T02:20:10
riscv32i,cts,4_1_cts,noclone-prof,3,setup_hold,35.94,0.03,1150,458,-45.449,-0.543,964,48.88,2490b8e8ac451e88786f,0.81,2026-09-11T02:22:14
riscv32i,cts,4_1_cts,nogasp-prof,1,setup_hold,39.65,0.03,1181,306,-45.449,0.521,964,52.5,f756b2a7810afd7984ce,0.84,2026-09-11T02:13:29
riscv32i,cts,4_1_cts,nogasp-prof,2,setup_hold,39.97,0.03,1181,306,-45.449,0.521,964,52.84,f756b2a7810afd7984ce,0.88,2026-09-11T02:15:07
riscv32i,cts,4_1_cts,nogasp-prof,3,setup_hold,40.08,0.03,1181,306,-45.449,0.521,964,52.97,f756b2a7810afd7984ce,0.85,2026-09-11T02:17:01
riscv32i,cts,4_1_cts,nounbuf-prof,1,setup_hold,39.79,0.03,1181,306,-45.449,0.521,964,52.55,f756b2a7810afd7984ce,0.94,2026-09-11T02:23:53
riscv32i,cts,4_1_cts,nounbuf-prof,2,setup_hold,39.51,0.03,1181,306,-45.449,0.521,964,52.26,f756b2a7810afd7984ce,0.87,2026-09-11T02:26:00
riscv32i,cts,4_1_cts,nounbuf-prof,3,setup_hold,39.73,0.03,1181,306,-45.449,0.521,964,52.51,f756b2a7810afd7984ce,0.80,2026-09-11T02:28:23
riscv32i,cts,4_1_cts,tns20-prof,1,setup_hold,31.39,0.03,409,306,-45.449,0.521,964,44.21,f756b2a7810afd7984ce,0.91,2026-09-11T02:01:12
riscv32i,cts,4_1_cts,tns20-prof,2,setup_hold,31.67,0.03,409,306,-45.449,0.521,964,44.55,f756b2a7810afd7984ce,0.93,2026-09-11T02:03:27
riscv32i,cts,4_1_cts,tns20-prof,3,setup_hold,31.38,0.03,409,306,-45.449,0.521,964,44.2,f756b2a7810afd7984ce,0.95,2026-09-11T02:05:42
riscv32i,cts,4_1_cts,tns5-prof,1,setup_hold,29.95,0.03,266,205,-45.449,-0.002,964,42.83,e98e68cdbc45fc490d00,0.99,2026-09-11T02:07:55
riscv32i,cts,4_1_cts,tns5-prof,2,setup_hold,29.9,0.03,266,205,-45.449,-0.002,964,42.61,e98e68cdbc45fc490d00,0.86,2026-09-11T02:09:23
riscv32i,cts,4_1_cts,tns5-prof,3,setup_hold,29.83,0.03,266,205,-45.449,-0.002,964,42.7,e98e68cdbc45fc490d00,0.88,2026-09-11T02:11:21
riscv32i,floorplan,2_1_floorplan,base,1,floorplan_setup,33.27,,1200,1130,-3164.058,-955.716,1259,37.97,eab38dca4c0d6a6d36df,0.97,2026-09-10T22:30:13
riscv32i,floorplan,2_1_floorplan,base-p0067,1,floorplan_setup,25.75,,1200,1130,-3164.058,-955.716,1259,30.51,eab38dca4c0d6a6d36df,0.93,2026-09-11T16:18:35
riscv32i,floorplan,2_1_floorplan,base-p0067,2,floorplan_setup,26.11,,1200,1130,-3164.058,-955.716,1259,30.87,eab38dca4c0d6a6d36df,0.89,2026-09-11T16:20:04
riscv32i,floorplan,2_1_floorplan,base-p0067,3,floorplan_setup,25.39,,1200,1130,-3164.058,-955.716,1259,30.07,eab38dca4c0d6a6d36df,0.87,2026-09-11T16:22:03
riscv32i,floorplan,2_1_floorplan,base-p006700680069,1,floorplan_setup,24.01,,1100,162,-3164.058,-956.274,1259,28.84,c348947fac611fb477b5,0.80,2026-09-12T00:03:08
riscv32i,floorplan,2_1_floorplan,base-p006700680069,2,floorplan_setup,24.18,,1100,162,-3164.058,-956.274,1259,28.88,c348947fac611fb477b5,0.83,2026-09-12T00:05:20
riscv32i,floorplan,2_1_floorplan,base-p006700680069,3,floorplan_setup,23.92,,1100,162,-3164.058,-956.274,1259,28.72,c348947fac611fb477b5,0.95,2026-09-12T00:07:18
riscv32i,floorplan,2_1_floorplan,base-p0068,1,floorplan_setup,33.62,,1200,1130,-3164.058,-955.716,1259,38.41,eab38dca4c0d6a6d36df,0.90,2026-09-11T18:54:58
riscv32i,floorplan,2_1_floorplan,base-p0068,2,floorplan_setup,33.11,,1200,1130,-3164.058,-955.716,1259,37.87,eab38dca4c0d6a6d36df,0.88,2026-09-11T18:56:50
riscv32i,floorplan,2_1_floorplan,base-p0068,3,floorplan_setup,33.16,,1200,1130,-3164.058,-955.716,1259,37.9,eab38dca4c0d6a6d36df,0.90,2026-09-11T18:59:11
riscv32i,floorplan,2_1_floorplan,base-p0069,1,floorplan_setup,30.18,,1100,162,-3164.058,-956.274,1259,34.88,c348947fac611fb477b5,0.89,2026-09-11T21:41:08
riscv32i,floorplan,2_1_floorplan,base-p0069,2,floorplan_setup,30.78,,1100,162,-3164.058,-956.274,1259,35.52,c348947fac611fb477b5,0.90,2026-09-11T21:42:42
riscv32i,floorplan,2_1_floorplan,base-p0069,3,floorplan_setup,30.38,,1100,162,-3164.058,-956.274,1259,35.08,c348947fac611fb477b5,0.99,2026-09-11T21:45:01
riscv32i,floorplan,2_1_floorplan,base-prof,1,floorplan_setup,32.75,,1200,1130,-3164.058,-955.716,1259,37.41,eab38dca4c0d6a6d36df,0.81,2026-09-10T23:38:27
riscv32i,floorplan,2_1_floorplan,base-prof,2,floorplan_setup,33.51,,1200,1130,-3164.058,-955.716,1259,38.24,eab38dca4c0d6a6d36df,0.93,2026-09-11T16:00:19
riscv32i,floorplan,2_1_floorplan,base-prof,3,floorplan_setup,33.55,,1200,1130,-3164.058,-955.716,1259,38.32,eab38dca4c0d6a6d36df,0.90,2026-09-11T16:01:41
riscv32i,grt,5_1_grt,base,1,setup_hold,323.26,0.06,1500,231,-24.058,-15.823,860,351.21,bb03ff2d840ce28fc387,0.94,2026-09-10T22:39:00
riscv32i,grt,5_1_grt,base,1,post_grt_wns,0.72,,1,0,-16.219,-16.219,344,351.21,bb03ff2d840ce28fc387,0.94,2026-09-10T22:39:00
riscv32i,grt,5_1_grt,base-p0067,1,setup_hold,314.5,0.06,1500,231,-24.058,-15.823,860,342.43,bb03ff2d840ce28fc387,0.81,2026-09-11T16:38:47
riscv32i,grt,5_1_grt,base-p0067,1,post_grt_wns,0.71,,1,0,-16.219,-16.219,344,342.43,bb03ff2d840ce28fc387,0.81,2026-09-11T16:38:47
riscv32i,grt,5_1_grt,base-p0067,2,setup_hold,315.45,0.06,1500,231,-24.058,-15.823,860,343.24,bb03ff2d840ce28fc387,0.89,2026-09-11T16:48:00
riscv32i,grt,5_1_grt,base-p0067,2,post_grt_wns,0.68,,1,0,-16.219,-16.219,344,343.24,bb03ff2d840ce28fc387,0.89,2026-09-11T16:48:00
riscv32i,grt,5_1_grt,base-p0067,3,setup_hold,314.8,0.06,1500,231,-24.058,-15.823,860,342.64,bb03ff2d840ce28fc387,0.85,2026-09-11T16:56:59
riscv32i,grt,5_1_grt,base-p0067,3,post_grt_wns,0.7,,1,0,-16.219,-16.219,344,342.64,bb03ff2d840ce28fc387,0.85,2026-09-11T16:56:59
riscv32i,grt,5_1_grt,base-p006700680069,1,setup_hold,24.56,0.06,500,180,-24.764,0.231,767,51.99,d63ae26bc13dd7995364,0.85,2026-09-12T00:16:27
riscv32i,grt,5_1_grt,base-p006700680069,1,post_grt_wns,0.62,,1,0,-3.84,-3.84,91,51.99,d63ae26bc13dd7995364,0.85,2026-09-12T00:16:27
riscv32i,grt,5_1_grt,base-p006700680069,2,setup_hold,24.35,0.06,500,180,-24.764,0.231,767,51.51,d63ae26bc13dd7995364,0.89,2026-09-12T00:19:49
riscv32i,grt,5_1_grt,base-p006700680069,2,post_grt_wns,0.7,,1,0,-3.84,-3.84,91,51.51,d63ae26bc13dd7995364,0.89,2026-09-12T00:19:49
riscv32i,grt,5_1_grt,base-p006700680069,3,setup_hold,24.79,0.06,500,180,-24.764,0.231,767,52.26,d63ae26bc13dd7995364,0.86,2026-09-12T00:23:11
riscv32i,grt,5_1_grt,base-p006700680069,3,post_grt_wns,0.63,,1,0,-3.84,-3.84,91,52.26,d63ae26bc13dd7995364,0.86,2026-09-12T00:23:11
riscv32i,grt,5_1_grt,base-p0068,1,setup_hold,324.56,0.06,1500,231,-24.058,-15.823,860,352.40999999999997,bb03ff2d840ce28fc387,0.92,2026-09-11T19:16:02
riscv32i,grt,5_1_grt,base-p0068,1,post_grt_wns,0.7,,1,0,-16.219,-16.219,344,352.40999999999997,bb03ff2d840ce28fc387,0.92,2026-09-11T19:16:02
riscv32i,grt,5_1_grt,base-p0068,2,setup_hold,325.71,0.06,1500,231,-24.058,-15.823,860,354.0,bb03ff2d840ce28fc387,0.88,2026-09-11T19:24:57
riscv32i,grt,5_1_grt,base-p0068,2,post_grt_wns,0.73,,1,0,-16.219,-16.219,344,354.0,bb03ff2d840ce28fc387,0.88,2026-09-11T19:24:57
riscv32i,grt,5_1_grt,base-p0068,3,setup_hold,326.0,0.06,1500,231,-24.058,-15.823,860,354.0,bb03ff2d840ce28fc387,0.85,2026-09-11T19:34:06
riscv32i,grt,5_1_grt,base-p0068,3,post_grt_wns,0.69,,1,0,-16.219,-16.219,344,354.0,bb03ff2d840ce28fc387,0.85,2026-09-11T19:34:06
riscv32i,grt,5_1_grt,base-p0069,1,setup_hold,27.48,0.06,500,180,-24.764,0.231,767,54.94,d63ae26bc13dd7995364,0.90,2026-09-11T21:54:47
riscv32i,grt,5_1_grt,base-p0069,1,post_grt_wns,0.67,,1,0,-3.84,-3.84,91,54.94,d63ae26bc13dd7995364,0.90,2026-09-11T21:54:47
riscv32i,grt,5_1_grt,base-p0069,2,setup_hold,27.19,0.06,500,180,-24.764,0.231,767,54.63,d63ae26bc13dd7995364,1.00,2026-09-11T21:57:57
riscv32i,grt,5_1_grt,base-p0069,2,post_grt_wns,0.69,,1,0,-3.84,-3.84,91,54.63,d63ae26bc13dd7995364,1.00,2026-09-11T21:57:57
riscv32i,grt,5_1_grt,base-p0069,3,setup_hold,27.07,0.06,500,180,-24.764,0.231,767,54.49,d63ae26bc13dd7995364,0.94,2026-09-11T22:01:07
riscv32i,grt,5_1_grt,base-p0069,3,post_grt_wns,0.63,,1,0,-3.84,-3.84,91,54.49,d63ae26bc13dd7995364,0.94,2026-09-11T22:01:07
riscv32i,grt,5_1_grt,base-prof,1,setup_hold,319.87,0.06,1500,231,-24.058,-15.823,860,347.90999999999997,bb03ff2d840ce28fc387,0.89,2026-09-10T23:51:41
riscv32i,grt,5_1_grt,base-prof,1,post_grt_wns,0.73,,1,0,-16.219,-16.219,344,347.90999999999997,bb03ff2d840ce28fc387,0.89,2026-09-10T23:51:41
riscv32i,grt,5_1_grt,base-prof,2,setup_hold,323.31,0.06,1500,231,-24.058,-15.823,860,351.24,bb03ff2d840ce28fc387,0.94,2026-09-11T02:40:41
riscv32i,grt,5_1_grt,base-prof,2,post_grt_wns,0.73,,1,0,-16.219,-16.219,344,351.24,bb03ff2d840ce28fc387,0.94,2026-09-11T02:40:41
riscv32i,grt,5_1_grt,base-prof,3,setup_hold,326.51,0.06,1500,231,-24.058,-15.823,860,354.37,bb03ff2d840ce28fc387,0.86,2026-09-11T02:49:51
riscv32i,grt,5_1_grt,base-prof,3,post_grt_wns,0.73,,1,0,-16.219,-16.219,344,354.37,bb03ff2d840ce28fc387,0.86,2026-09-11T02:49:51
riscv32i,grt,5_1_grt,noclone-prof,1,setup_hold,392.9,0.06,2200,1630,-24.058,-21.238,860,420.5,554bf2ba35a99c9e628b,0.82,2026-09-11T04:09:06
riscv32i,grt,5_1_grt,noclone-prof,1,post_grt_wns,0.69,,1,0,-22.899,-22.899,379,420.5,554bf2ba35a99c9e628b,0.82,2026-09-11T04:09:06
riscv32i,grt,5_1_grt,noclone-prof,2,setup_hold,394.22,0.06,2200,1630,-24.058,-21.238,860,422.16,554bf2ba35a99c9e628b,0.78,2026-09-11T04:19:23
riscv32i,grt,5_1_grt,noclone-prof,2,post_grt_wns,0.74,,1,0,-22.899,-22.899,379,422.16,554bf2ba35a99c9e628b,0.78,2026-09-11T04:19:23
riscv32i,grt,5_1_grt,noclone-prof,3,setup_hold,393.14,0.06,2200,1630,-24.058,-21.238,860,420.9,554bf2ba35a99c9e628b,0.84,2026-09-11T04:29:25
riscv32i,grt,5_1_grt,noclone-prof,3,post_grt_wns,0.73,,1,0,-22.899,-22.899,379,420.9,554bf2ba35a99c9e628b,0.84,2026-09-11T04:29:25
riscv32i,grt,5_1_grt,nogasp-prof,1,setup_hold,237.71,0.06,1300,231,-24.058,-15.823,860,265.7,6ded03cec5b964462ffb,0.87,2026-09-11T03:43:57
riscv32i,grt,5_1_grt,nogasp-prof,1,post_grt_wns,0.74,,1,0,-16.219,-16.219,350,265.7,6ded03cec5b964462ffb,0.87,2026-09-11T03:43:57
riscv32i,grt,5_1_grt,nogasp-prof,2,setup_hold,238.11,0.06,1300,231,-24.058,-15.823,860,266.11,6ded03cec5b964462ffb,0.83,2026-09-11T03:51:24
riscv32i,grt,5_1_grt,nogasp-prof,2,post_grt_wns,0.74,,1,0,-16.219,-16.219,350,266.11,6ded03cec5b964462ffb,0.83,2026-09-11T03:51:24
riscv32i,grt,5_1_grt,nogasp-prof,3,setup_hold,237.52,0.06,1300,231,-24.058,-15.823,860,265.59,6ded03cec5b964462ffb,0.94,2026-09-11T03:58:50
riscv32i,grt,5_1_grt,nogasp-prof,3,post_grt_wns,0.72,,1,0,-16.219,-16.219,350,265.59,6ded03cec5b964462ffb,0.94,2026-09-11T03:58:50
riscv32i,grt,5_1_grt,nopostwns-prof,1,setup_hold,326.0,0.06,1500,231,-24.058,-15.823,860,353.51,8e96a18f50375116e594,0.92,2026-09-11T14:42:46
riscv32i,grt,5_1_grt,nopostwns-prof,2,setup_hold,325.7,0.06,1500,231,-24.058,-15.823,860,353.11,8e96a18f50375116e594,0.89,2026-09-11T14:51:54
riscv32i,grt,5_1_grt,nopostwns-prof,3,setup_hold,326.33,0.06,1500,231,-24.058,-15.823,860,353.67,8e96a18f50375116e594,0.91,2026-09-11T15:00:48
riscv32i,grt,5_1_grt,nounbuf-prof,1,setup_hold,323.31,0.06,1500,231,-24.058,-15.823,860,350.99,bb03ff2d840ce28fc387,0.89,2026-09-11T04:38:16
riscv32i,grt,5_1_grt,nounbuf-prof,1,post_grt_wns,0.73,,1,0,-16.219,-16.219,344,350.99,bb03ff2d840ce28fc387,0.89,2026-09-11T04:38:16
riscv32i,grt,5_1_grt,nounbuf-prof,2,setup_hold,325.16,0.06,1500,231,-24.058,-15.823,860,353.01,bb03ff2d840ce28fc387,0.93,2026-09-11T04:47:10
riscv32i,grt,5_1_grt,nounbuf-prof,2,post_grt_wns,0.74,,1,0,-16.219,-16.219,344,353.01,bb03ff2d840ce28fc387,0.93,2026-09-11T04:47:10
riscv32i,grt,5_1_grt,nounbuf-prof,3,setup_hold,325.67,0.06,1500,231,-24.058,-15.823,860,353.82,bb03ff2d840ce28fc387,0.88,2026-09-11T04:56:04
riscv32i,grt,5_1_grt,nounbuf-prof,3,post_grt_wns,0.74,,1,0,-16.219,-16.219,344,353.82,bb03ff2d840ce28fc387,0.88,2026-09-11T04:56:04
riscv32i,grt,5_1_grt,tns20-prof,1,setup_hold,309.4,0.06,1200,231,-24.058,-15.823,860,337.21,aecf5fb5919e88907f6c,0.97,2026-09-11T02:58:28
riscv32i,grt,5_1_grt,tns20-prof,1,post_grt_wns,0.73,,1,0,-16.219,-16.219,373,337.21,aecf5fb5919e88907f6c,0.97,2026-09-11T02:58:28
riscv32i,grt,5_1_grt,tns20-prof,2,setup_hold,309.83,0.06,1200,231,-24.058,-15.823,860,337.83,aecf5fb5919e88907f6c,0.79,2026-09-11T03:07:22
riscv32i,grt,5_1_grt,tns20-prof,2,post_grt_wns,0.72,,1,0,-16.219,-16.219,373,337.83,aecf5fb5919e88907f6c,0.79,2026-09-11T03:07:22
riscv32i,grt,5_1_grt,tns20-prof,3,setup_hold,310.5,0.06,1200,231,-24.058,-15.823,860,338.37,aecf5fb5919e88907f6c,0.99,2026-09-11T03:16:00
riscv32i,grt,5_1_grt,tns20-prof,3,post_grt_wns,0.74,,1,0,-16.219,-16.219,373,338.37,aecf5fb5919e88907f6c,0.99,2026-09-11T03:16:00
riscv32i,grt,5_1_grt,tns5-prof,1,setup_hold,196.81,0.06,652,231,-24.058,-15.821,860,224.19,2f1bd3a56023da2e5c1e,0.79,2026-09-11T03:23:00
riscv32i,grt,5_1_grt,tns5-prof,1,post_grt_wns,0.66,,1,0,-16.217,-16.217,366,224.19,2f1bd3a56023da2e5c1e,0.79,2026-09-11T03:23:00
riscv32i,grt,5_1_grt,tns5-prof,2,setup_hold,197.95,0.06,652,231,-24.058,-15.821,860,225.45,2f1bd3a56023da2e5c1e,0.96,2026-09-11T03:29:46
riscv32i,grt,5_1_grt,tns5-prof,2,post_grt_wns,0.72,,1,0,-16.217,-16.217,366,225.45,2f1bd3a56023da2e5c1e,0.96,2026-09-11T03:29:46
riscv32i,grt,5_1_grt,tns5-prof,3,setup_hold,197.05,0.06,652,231,-24.058,-15.821,860,224.61,2f1bd3a56023da2e5c1e,0.98,2026-09-11T03:36:31
riscv32i,grt,5_1_grt,tns5-prof,3,post_grt_wns,0.73,,1,0,-16.217,-16.217,366,224.61,2f1bd3a56023da2e5c1e,0.98,2026-09-11T03:36:31
tinyRocket,cts,4_1_cts,base,1,setup_hold,1.07,0.21,0,,,,,24.14,ef01797d52a6eccb5137,0.99,2026-09-10T22:47:17
tinyRocket,floorplan,2_1_floorplan,base,1,floorplan_setup,0.19,,0,,,,,11.49,90cd94701936a955350e,0.85,2026-09-10T22:42:49
tinyRocket,grt,5_1_grt,base,1,setup_hold,0.79,0.28,0,,,,,57.66,efcebf9b105d7d408d18,0.89,2026-09-10T22:49:26
tinyRocket,grt,5_1_grt,base,1,post_grt_wns,0.83,,0,,,,,57.66,efcebf9b105d7d408d18,0.89,2026-09-10T22:49:26
uart,cts,4_1_cts,base,1,setup_hold,2.45,0.0,415,356,-39.8,-22.797,64,7.39,6f53dd1ea897bd76ff80,0.90,2026-09-10T21:17:27
uart,floorplan,2_1_floorplan,base,1,floorplan_setup,0.88,,211,198,-42.905,-29.762,63,2.55,c72992a0e26fec19abb4,0.81,2026-09-10T21:17:03
uart,grt,5_1_grt,base,1,setup_hold,4.71,0.0,374,58,-35.269,-31.011,68,8.65,1aa1b7fcfc33161deea1,0.91,2026-09-10T21:17:37
uart,grt,5_1_grt,base,1,post_grt_wns,0.08,,1,0,-32.967,-32.967,68,8.65,1aa1b7fcfc33161deea1,0.91,2026-09-10T21:17:37
